AnalysisRecord,PassageAnalyzed,QuotedString,Analysis,ReusedText
urn:cite:hmt:reuse.18_2,urn:cts:greekLit:tlg5026.msAext.hmt:18.3,"τὸ δ' ἔδαιε",urn:cite:hmt:reusetype.multiform1,urn:cts:greekLit:tlg0012.tlg001.msA:18.227
urn:cite:hmt:reuse.18_3,urn:cts:greekLit:tlg5026.msAint.hmt:18.5,"χειρας εχἔχωνΑχἈχιλῆος",urn:cite:hmt:reusetype.quote1,urn:cts:greekLit:tlg0012.tlg001.msA:18.33
urn:cite:hmt:reuse.18_4,urn:cts:greekLit:tlg5026.msAint.hmt:18.6,"εἴδητε",urn:cite:hmt:reusetype.multiform1,urn:cts:greekLit:tlg0012.tlg001.msA:18.53
urn:cite:hmt:reuse.18_5,urn:cts:greekLit:tlg5026.msAint.hmt:18.11,"γνῶσι",urn:cite:hmt:reusetype.langusage,
urn:cite:hmt:reuse.18_6,urn:cts:greekLit:tlg5026.msAint.hmt:18.13,"οὐδ' ἀρα",urn:cite:hmt:reusetype.multiform1,urn:cts:greekLit:tlg0012.tlg001.msA:18.151
urn:cite:hmt:reuse.18_7,urn:cts:greekLit:tlg5026.msAint.hmt:18.17,"καλὰ τεύχεα ἔχοντα",urn:cite:hmt:reusetype.multiform1,urn:cts:greekLit:tlg0012.tlg001.msA:18.197
urn:cite:hmt:reuse.18_8,urn:cts:greekLit:tlg5026.msAint.hmt:18.18,"στυγεροῦ",urn:cite:hmt:reusetype.langusage,
urn:cite:hmt:reuse.18_9,urn:cts:greekLit:tlg5026.msAint.hmt:18.19,"ἀστυ ποτὲ σφέτερον",urn:cite:hmt:reusetype.multiform1,urn:cts:greekLit:tlg0012.tlg001.msA:18.210
urn:cite:hmt:reuse.18_10,urn:cts:greekLit:tlg5026.msAint.hmt:18.20,"χαλκεν",urn:cite:hmt:reusetype.quote1,urn:cts:greekLit:tlg0012.tlg001.msA:18.222
urn:cite:hmt:reuse.18_11,urn:cts:greekLit:tlg5026.msAint.hmt:18.20,"χαλκῆν",urn:cite:hmt:reusetype.multiform1,urn:cts:greekLit:tlg0012.tlg001.msA:18.222
urn:cite:hmt:reuse.18_12,urn:cts:greekLit:tlg5026.msAint.hmt:18.26,"μάχεσθαι",urn:cite:hmt:reusetype.quote1,urn:cts:greekLit:tlg0012.tlg001.msA:18.279
urn:cite:hmt:reuse.18_13,urn:cts:greekLit:tlg5026.msAint.hmt:18.28,"στήσομαι",urn:cite:hmt:reusetype.quote1,urn:cts:greekLit:tlg0012.tlg001.msA:18.308
urn:cite:hmt:reuse.18_14,urn:cts:greekLit:tlg5026.msAint.hmt:18.30,"ἀνδροφόνους",urn:cite:hmt:reusetype.quote1,urn:cts:greekLit:tlg0012.tlg001.msA:18.317
urn:cite:hmt:reuse.18_15,urn:cts:greekLit:tlg5026.msAint.hmt:18.33,"ᾔδεεν",urn:cite:hmt:reusetype.quote1,urn:cts:greekLit:tlg0012.tlg001.msA:18.404
urn:cite:hmt:reuse.18_16,urn:cts:greekLit:tlg5026.msAint.hmt:18.33,"ῄδειν",urn:cite:hmt:reusetype.multiform1,urn:cts:greekLit:tlg0012.tlg001.msA:18.404
urn:cite:hmt:reuse.18_17,urn:cts:greekLit:tlg5026.msAint.hmt:18.35,"εμ ὠκυμορῳ",urn:cite:hmt:reusetype.quote1,urn:cts:greekLit:tlg0012.tlg001.msA:18.458
urn:cite:hmt:reuse.18_18,urn:cts:greekLit:tlg5026.msAint.hmt:18.36,"παρεῖναι",urn:cite:hmt:reusetype.langusage,
urn:cite:hmt:reuse.18_19,urn:cts:greekLit:tlg5026.msAint.hmt:18.36,"σπεύδοντι",urn:cite:hmt:reusetype.quote1,urn:cts:greekLit:tlg0012.tlg001.msA:18.472
urn:cite:hmt:reuse.18_20,urn:cts:greekLit:tlg5026.msAint.hmt:18.37,"κρατερόν",urn:cite:hmt:reusetype.multiform1,urn:cts:greekLit:tlg0012.tlg001.msA:18.477
urn:cite:hmt:reuse.18_21,urn:cts:greekLit:tlg5026.msAint.hmt:18.38,"οὐρανὸν ἐστηρικται",urn:cite:hmt:reusetype.multiform1,urn:cts:greekLit:tlg0012.tlg001.msA:18.485
urn:cite:hmt:reuse.18_22,urn:cts:greekLit:tlg5026.msAint.hmt:18.38,"ουρανὸν εστεφάνωκε",urn:cite:hmt:reusetype.multiform1,urn:cts:greekLit:tlg0012.tlg001.msA:18.485
urn:cite:hmt:reuse.18_23,urn:cts:greekLit:tlg5026.msAint.hmt:18.40,"υπὑπό",urn:cite:hmt:reusetype.quote1,urn:cts:greekLit:tlg0012.tlg001.msA:18.492
urn:cite:hmt:reuse.18_24,urn:cts:greekLit:tlg5026.msAint.hmt:18.40,"μετμετά",urn:cite:hmt:reusetype.langusage,
urn:cite:hmt:reuse.18_25,urn:cts:greekLit:tlg5026.msAint.hmt:18.40,"μετὰ δαϊδων",urn:cite:hmt:reusetype.langusage,
urn:cite:hmt:reuse.18_26,urn:cts:greekLit:tlg5026.msAint.hmt:18.40,"ᾀδων ὑπ αυλητηρος",urn:cite:hmt:reusetype.quote2,urn:cts:greekLit:tlg0012.tlg001.msA:18.492
urn:cite:hmt:reuse.18_27,urn:cts:greekLit:tlg5026.msAint.hmt:18.44,"ρύατο",urn:cite:hmt:reusetype.multiform1,urn:cts:greekLit:tlg0012.tlg001.msA:18.515
urn:cite:hmt:reuse.18_28,urn:cts:greekLit:tlg5026.msAint.hmt:18.46,"τερπομέτερπομένω",urn:cite:hmt:reusetype.multiform1,urn:cts:greekLit:tlg0012.tlg001.msA:18.526
urn:cite:hmt:reuse.18_29,urn:cts:greekLit:tlg5026.msAint.hmt:18.47,"είμα τ' ἔχε",urn:cite:hmt:reusetype.multiform1,urn:cts:greekLit:tlg0012.tlg001.msA:18.538
urn:cite:hmt:reuse.18_30,urn:cts:greekLit:tlg5026.msAint.hmt:18.48,"τέμενος βαθὺ λήϊον",urn:cite:hmt:reusetype.multiform1,urn:cts:greekLit:tlg0012.tlg001.msA:18.550
urn:cite:hmt:reuse.18_31,urn:cts:greekLit:tlg5026.msAint.hmt:18.49,"εστήκει",urn:cite:hmt:reusetype.quote1,urn:cts:greekLit:tlg0012.tlg001.msA:18.557
urn:cite:hmt:reuse.18_32,urn:cts:greekLit:tlg5026.msAint.hmt:18.50,"ταλάροισι",urn:cite:hmt:reusetype.quote1,urn:cts:greekLit:tlg0012.tlg001.msA:18.568
urn:cite:hmt:reuse.18_33,urn:cts:greekLit:tlg5026.msAint.hmt:18.50,"πλεκτοῖσι",urn:cite:hmt:reusetype.multiform1,urn:cts:greekLit:tlg0012.tlg001.msA:18.18.568
urn:cite:hmt:reuse.18_34,urn:cts:greekLit:tlg5026.msAint.hmt:18.51,"ραδαλὸν",urn:cite:hmt:reusetype.multiform1,urn:cts:greekLit:tlg0012.tlg001.msA:18.576
urn:cite:hmt:reuse.18_35,urn:cts:greekLit:tlg5026.msAint.hmt:18.54,"ὡς",urn:cite:hmt:reusetype.langusage,urn:cite:hmt:reusetype.multiform1
urn:cite:hmt:reuse.18_36,urn:cts:greekLit:tlg5026.msAint.hmt:18.55,"τεύχεα καλὰ φέρουσα πάρ Ἡφαίστοιο ἄνακτος",urn:cite:hmt:reusetype.multiform1,urn:cts:greekLit:tlg0012.tlg001.msA:18.617
urn:cite:hmt:reuse.18_37,urn:cts:greekLit:tlg5026.msAil.hmt:18.24,"αρεσθαι",urn:cite:hmt:reusetype.multiform1,urn:cts:greekLit:tlg0012.tlg001.msA:18.501
urn:cite:hmt:reuse.18_38,urn:cts:greekLit:tlg5026.msAil.hmt:18.25,"ναὶ",urn:cite:hmt:reusetype.langusage,
urn:cite:hmt:reuse.18_39,urn:cts:greekLit:tlg5026.msAil.hmt:18.25,"οὐ",urn:cite:hmt:reusetype.langusage,
urn:cite:hmt:reuse.18_41,urn:cts:greekLit:tlg5026.msAim.hmt:18.4,"ἀπαμησειε",urn:cite:hmt:reusetype.multiform1,
urn:cite:hmt:reuse.18_42,urn:cts:greekLit:tlg5026.msAim.hmt:18.5,"Άλεια",urn:cite:hmt:reusetype.multiform1,
urn:cite:hmt:reuse.18_43,urn:cts:greekLit:tlg5026.msAim.hmt:18.5,"άλα",urn:cite:hmt:reusetype.langusage,
urn:cite:hmt:reuse.18_44,urn:cts:greekLit:tlg5026.msAim.hmt:18.6,"ἐπι κήδεα",urn:cite:hmt:reusetype.multiform1,
urn:cite:hmt:reuse.18_45,urn:cts:greekLit:tlg5026.msAim.hmt:18.7,"εἰς ἀνέβησαν",urn:cite:hmt:reusetype.multiform1,
urn:cite:hmt:reuse.18_46,urn:cts:greekLit:tlg5026.msAim.hmt:18.8,"κεφαλῇ",urn:cite:hmt:reusetype.quote1,
urn:cite:hmt:reuse.18_47,urn:cts:greekLit:tlg5026.msAim.hmt:18.11,"τὸν δ' ἠμείβετ' ἔπειτα",urn:cite:hmt:reusetype.multiform1,
urn:cite:hmt:reuse.18_48,urn:cts:greekLit:tlg5026.msAim.hmt:18.13,"Ἄρεω",urn:cite:hmt:reusetype.multiform1,
urn:cite:hmt:reuse.18_49,urn:cts:greekLit:tlg5026.msAim.hmt:18.14,"ὑφ' Έκτορος δίου",urn:cite:hmt:reusetype.langusage,
urn:cite:hmt:reuse.18_50,urn:cts:greekLit:tlg5026.msAim.hmt:18.16,"αδινᾷ",urn:cite:hmt:reusetype.multiform1,
urn:cite:hmt:reuse.18_51,urn:cts:greekLit:tlg5026.msAim.hmt:18.18,"υἱὸς εηος",urn:cite:hmt:reusetype.multiform1,
urn:cite:hmt:reuse.18_52,urn:cts:greekLit:tlg5026.msAim.hmt:18.19,"ἀγορεῦσαι",urn:cite:hmt:reusetype.multiform1,
urn:cite:hmt:reuse.18_53,urn:cts:greekLit:tlg5026.msAim.hmt:18.21,"ἄνωγεν",urn:cite:hmt:reusetype.multiform1,
urn:cite:hmt:reuse.18_54,urn:cts:greekLit:tlg5026.msAim.hmt:18.23,"ὡς ορος τὸν Όλυμπον ἀγάννιφον",urn:cite:hmt:reusetype.quote1,
urn:cite:hmt:reuse.18_55,urn:cts:greekLit:tlg5026.msAim.hmt:18.24,"Άρεω",urn:cite:hmt:reusetype.multiform1,
urn:cite:hmt:reuse.18_57,urn:cts:greekLit:tlg5026.msAim.hmt:18.26,"ξίφεσσι",urn:cite:hmt:reusetype.multiform1,
urn:cite:hmt:reuse.18_58,urn:cts:greekLit:tlg5026.msAim.hmt:18.28,"ἠέλιον μὲν έπειτα",urn:cite:hmt:reusetype.multiform1,
urn:cite:hmt:reuse.18_59,urn:cts:greekLit:tlg5026.msAim.hmt:18.29,"ἐπι θρωσμῷ πεδίοιο",urn:cite:hmt:reusetype.multiform1,
urn:cite:hmt:reuse.18_60,urn:cts:greekLit:tlg5026.msAim.hmt:18.31,"μαχέσσετμαχέσσεται",urn:cite:hmt:reusetype.multiform1,
urn:cite:hmt:reuse.18_61,urn:cts:greekLit:tlg5026.msAim.hmt:18.33,"πιθοίμεθα",urn:cite:hmt:reusetype.multiform1,
urn:cite:hmt:reuse.18_62,urn:cts:greekLit:tlg5026.msAim.hmt:18.34,"κεκόρησθον",urn:cite:hmt:reusetype.multiform1,
urn:cite:hmt:reuse.18_63,urn:cts:greekLit:tlg5026.msAim.hmt:18.36,"μετεφώνεε",urn:cite:hmt:reusetype.quote1,
urn:cite:hmt:reuse.18_64,urn:cts:greekLit:tlg5026.msAim.hmt:18.38,"λιτη",,
urn:cite:hmt:reuse.18_65,urn:cts:greekLit:tlg5026.msAim.hmt:18.40,"δύσονται ἀγῶνα",urn:cite:hmt:reusetype.multiform1,
urn:cite:hmt:reuse.18_66,urn:cts:greekLit:tlg5026.msAim.hmt:18.41,"δαίδαλα πάντπάντα",urn:cite:hmt:reusetype.multiform1,
urn:cite:hmt:reuse.18_67,urn:cts:greekLit:tlg5026.msAim.hmt:18.42,"ζωάγρια",urn:cite:hmt:reusetype.quote1,
urn:cite:hmt:reuse.18_68,urn:cts:greekLit:tlg5026.msAim.hmt:18.43,"ἁραιαί",urn:cite:hmt:reusetype.quote1,
urn:cite:hmt:reuse.18_69,urn:cts:greekLit:tlg5026.msAim.hmt:18.45,"ἀνώγει",urn:cite:hmt:reusetype.multiform1,
urn:cite:hmt:reuse.18_70,urn:cts:greekLit:tlg5026.msAim.hmt:18.47,"παρέξομαι",urn:cite:hmt:reusetype.multiform1,
urn:cite:hmt:reuse.18_71,urn:cts:greekLit:tlg5026.msAim.hmt:18.48,"πάσαιπᾶσαι",urn:cite:hmt:reusetype.quote1,
urn:cite:hmt:reuse.18_72,urn:cts:greekLit:tlg5026.msAim.hmt:18.49,"μὴ σπευδοντσπεύδοντι",urn:cite:hmt:reusetype.langusage,
urn:cite:hmt:reuse.18_73,urn:cts:greekLit:tlg5026.msAim.hmt:18.50,"αὐτοῦ",urn:cite:hmt:reusetype.quote1,
urn:cite:hmt:reuse.18_75,urn:cts:greekLit:tlg5026.msAim.hmt:18.51,"τείρεα",urn:cite:hmt:reusetype.quote1,
urn:cite:hmt:reuse.18_76,urn:cts:greekLit:tlg5026.msAim.hmt:18.52,"ἐς θαλαμους",urn:cite:hmt:reusetype.multiform1,
urn:cite:hmt:reuse.18_77,urn:cts:greekLit:tlg5026.msAim.hmt:18.54,"αποδοῦναι",urn:cite:hmt:reusetype.quote1,
urn:cite:hmt:reuse.18_80,urn:cts:greekLit:tlg5026.msAim.hmt:18.55,"ἀμφοτερωθἀμφοτέρωθεν",urn:cite:hmt:reusetype.multiform1,
urn:cite:hmt:reuse.18_81,urn:cts:greekLit:tlg5026.msAim.hmt:18.55,"ἀμφοτέρωθἀμφοτέρωθεν ἐπίπνυον αμφις αρωγοι",urn:cite:hmt:reusetype.multiform1,
urn:cite:hmt:reuse.18_82,urn:cts:greekLit:tlg5026.msAim.hmt:18.57,"ἀμοιβηδὸν",urn:cite:hmt:reusetype.multiform1,
urn:cite:hmt:reuse.18_83,urn:cts:greekLit:tlg5026.msAim.hmt:18.58,"πῶυι μεγ οιων",urn:cite:hmt:reusetype.multiform1,urn:cts:greekLit:tlg0012.tlg001.msA:18.528
urn:cite:hmt:reuse.18_84,urn:cts:greekLit:tlg5026.msAim.hmt:18.60,"τεθνῃωττεθνῃῶτα",urn:cite:hmt:reusetype.multiform1,
urn:cite:hmt:reuse.18_85,urn:cts:greekLit:tlg5026.msAim.hmt:18.62,"τέτυκτο",urn:cite:hmt:reusetype.quote1,
urn:cite:hmt:reuse.18_86,urn:cts:greekLit:tlg5026.msAim.hmt:18.66,"ἀργυρέοισιν",urn:cite:hmt:reusetype.multiform1,
urn:cite:hmt:reuse.18_87,urn:cts:greekLit:tlg5026.msAim.hmt:18.67,"ἐς αυτήν",urn:cite:hmt:reusetype.multiform1,
urn:cite:hmt:reuse.18_88,urn:cts:greekLit:tlg5026.msAim.hmt:18.69,"δύο πρωτησι",urn:cite:hmt:reusetype.multiform1,urn:cts:greekLit:tlg0012.tlg001.msA:18.579
urn:cite:hmt:reuse.18_89,urn:cts:greekLit:tlg5026.msAim.hmt:18.71,"Αριηδῃ",urn:cite:hmt:reusetype.multiform1,urn:cts:greekLit:tlg0012.tlg001.msA:18.592
urn:cite:hmt:reuse.18_90,urn:cts:greekLit:tlg5026.msAim.hmt:18.72,"καλὰς οθόνας",urn:cite:hmt:reusetype.multiform1,urn:cts:greekLit:tlg0012.tlg001.msA:18.595
urn:cite:hmt:reuse.18_91,urn:cts:greekLit:tlg5026.msAim.hmt:18.74,"ὅμιλος",urn:cite:hmt:reusetype.quote1,urn:cts:greekLit:tlg0012.tlg001.msA:18.603
urn:cite:hmt:reuse.18_92,urn:cts:greekLit:tlg5026.msA.hmt:18.8,"χερσὶν ὑπο Τρώων",urn:cite:hmt:reusetype.quote1,urn:cts:greekLit:tlg0012.tlg001.msA:18.11
urn:cite:hmt:reuse.18_93,urn:cts:greekLit:tlg5026.msA.hmt:18.9,"Μυρμιδόνων τὸν ἄριστον",urn:cite:hmt:reusetype.quote1,urn:cts:greekLit:tlg0012.tlg001.msA:18.10
urn:cite:hmt:reuse.18_94,urn:cts:greekLit:tlg5026.msA.hmt:18.12,"ἀψ ἐπι νηας ϊέναι",urn:cite:hmt:reusetype.quote1,urn:cts:greekLit:tlg0012.tlg001.msA:18.14
urn:cite:hmt:reuse.18_95,urn:cts:greekLit:tlg5026.msA.hmt:18.15,"σκυλεύσας τὰ ὄπλα ἔχει",urn:cite:hmt:reusetype.quote3,urn:cts:greekLit:tlg0012.tlg001.msA:18.21
urn:cite:hmt:reuse.18_96,urn:cts:greekLit:tlg5026.msA.hmt:18.18,"ἡρωϊστί",urn:cite:hmt:reusetype.quote2,urn:cts:greekLit:tlg0012.tlg001.msA:18.26
urn:cite:hmt:reuse.18_96,urn:cts:greekLit:tlg5026.msA.hmt:18.18,"ἡρωϊστί",urn:cite:hmt:reusetype.langusage,
urn:cite:hmt:reuse.18_97,urn:cts:greekLit:tlg5026.msA.hmt:18.18,"ταχέως",urn:cite:hmt:reusetype.langusage,
urn:cite:hmt:reuse.18_98,urn:cts:greekLit:tlg5026.msA.hmt:18.21,"ἄλλαι δ' αἳ κατα βένθος ἁλὸς Νηρηϊδες ἦσαν",urn:cite:hmt:reusetype.quote1,urn:cts:greekLit:tlg0012.tlg001.msA:18.49
urn:cite:hmt:reuse.18_99,urn:cts:greekLit:tlg5026.msA.hmt:18.21,"ἔνθα",urn:cite:hmt:reusetype.quote1,urn:cts:greekLit:tlg0012.tlg001.msA:18.39
urn:cite:hmt:reuse.18_100,urn:cts:greekLit:tlg5026.msA.hmt:18.22,"Γλαύκη",urn:cite:hmt:reusetype.quote1,urn:cts:greekLit:tlg0012.tlg001.msA:18.39
urn:cite:hmt:reuse.18_101,urn:cts:greekLit:tlg5026.msA.hmt:18.22,"Νημερτής τε καὶ Ἀψευδής",urn:cite:hmt:reusetype.quote1,urn:cts:greekLit:tlg0012.tlg001.msA:18.46
urn:cite:hmt:reuse.18_103,urn:cts:greekLit:tlg5026.msA.hmt:18.33,"ἀλῆναι",urn:cite:hmt:reusetype.langusage,
urn:cite:hmt:reuse.18_104,urn:cts:greekLit:tlg5026.msA.hmt:18.33,"ἀλήμεναι",urn:cite:hmt:reusetype.quote1,urn:cts:greekLit:tlg0012.tlg001.msA:18.76
urn:cite:hmt:reuse.18_105,urn:cts:greekLit:tlg5026.msA.hmt:18.34,"παθέειν τ' ἀεκήλια ἔργα·",urn:cite:hmt:reusetype.quote1,urn:cts:greekLit:tlg0012.tlg001.msA:18.77
urn:cite:hmt:reuse.18_106,urn:cts:greekLit:tlg5026.msA.hmt:18.34,"ἀεκήλια",urn:cite:hmt:reusetype.quote1,urn:cts:greekLit:tlg0012.tlg001.msA:18.77
urn:cite:hmt:reuse.18_110,urn:cts:greekLit:tlg5026.msA.hmt:18.35,"αίθ' ὄφελες",urn:cite:hmt:reusetype.quote1,urn:cts:greekLit:tlg0012.tlg001.msA:18.86
urn:cite:hmt:reuse.18_111,urn:cts:greekLit:tlg5026.msA.hmt:18.36,"ἵνα",urn:cite:hmt:reusetype.quote1,urn:cts:greekLit:tlg0012.tlg001.msA:18.88
urn:cite:hmt:reuse.18_112,urn:cts:greekLit:tlg5026.msA.hmt:18.36,"ἀποφθιμένοιο",urn:cite:hmt:reusetype.quote1,urn:cts:greekLit:tlg0012.tlg001.msA:18.89
urn:cite:hmt:reuse.18_113,urn:cts:greekLit:tlg5026.msA.hmt:18.36,"ἀνέρος ἔμβαλον εὐνῇ",urn:cite:hmt:reusetype.quote1,urn:cts:greekLit:tlg0012.tlg001.msA:18.85
urn:cite:hmt:reuse.18_114,urn:cts:greekLit:tlg5026.msA.hmt:18.37,"ἀπο",urn:cite:hmt:reusetype.quote1,urn:cts:greekLit:tlg0012.tlg001.msA:18.92
urn:cite:hmt:reuse.18_115,urn:cts:greekLit:tlg5026.msA.hmt:18.37,"ὑπ",urn:cite:hmt:reusetype.quote1,urn:cts:greekLit:tlg0012.tlg001.msA:18.92
urn:cite:hmt:reuse.18_116,urn:cts:greekLit:tlg5026.msA.hmt:18.38,"αὐτίκα",urn:cite:hmt:reusetype.quote1,urn:cts:greekLit:tlg0012.tlg001.msA:18.98
urn:cite:hmt:reuse.18_117,urn:cts:greekLit:tlg5026.msA.hmt:18.40,"Ἄρεω",urn:cite:hmt:reusetype.multiform1,urn:cts:greekLit:tlg0012.tlg001.msA:18.100
urn:cite:hmt:reuse.18_118,urn:cts:greekLit:tlg5026.msA.hmt:18.40,"ἀρῆς",urn:cite:hmt:reusetype.quote1,urn:cts:greekLit:tlg0012.tlg001.msA:18.100
urn:cite:hmt:reuse.18_119,urn:cts:greekLit:tlg5026.msA.hmt:18.40,"ἀρῆς ἀλκτῆρα",urn:cite:hmt:reusetype.quote2,urn:cts:greekLit:tlg0012.tlg001.msA:18.100
urn:cite:hmt:reuse.18_120,urn:cts:greekLit:tlg5026.msA.hmt:18.41,"Ἄρεω ἀλκτῆρα",urn:cite:hmt:reusetype.multiform1,urn:cts:greekLit:tlg0012.tlg001.msA:18.100
urn:cite:hmt:reuse.18_121,urn:cts:greekLit:tlg5026.msA.hmt:18.41,"εδησεν",urn:cite:hmt:reusetype.multiform1,urn:cts:greekLit:tlg0012.tlg001.msA:18.100
urn:cite:hmt:reuse.18_122,urn:cts:greekLit:tlg5026.msA.hmt:18.42,"νῦν δ' ἐπεὶ οὐ νεομαί γε",urn:cite:hmt:reusetype.quote1,urn:cts:greekLit:tlg0012.tlg001.msA:18.101
urn:cite:hmt:reuse.18_123,urn:cts:greekLit:tlg5026.msA.hmt:18.42,"νῦν δ' εἰμ' ὄφρα φίλης κεφαλῆς",urn:cite:hmt:reusetype.quote1,urn:cts:greekLit:tlg0012.tlg001.msA:18.114
urn:cite:hmt:reuse.18_124,urn:cts:greekLit:tlg5026.msA.hmt:18.42,"αμείνονές εἰσὶ καὶ ἄλλοι",urn:cite:hmt:reusetype.quote1,urn:cts:greekLit:tlg0012.tlg001.msA:18.106
urn:cite:hmt:reuse.18_125,urn:cts:greekLit:tlg5026.msA.hmt:18.42,"ὡς ἐρις ἔκ τε θέωνθεῶν",urn:cite:hmt:reusetype.quote1,urn:cts:greekLit:tlg0012.tlg001.msA:18.107
urn:cite:hmt:reuse.18_126,urn:cts:greekLit:tlg5026.msA.hmt:18.42,"νῦν δ' ἐπεὶ οὐ νέομαι",urn:cite:hmt:reusetype.quote1,urn:cts:greekLit:tlg0012.tlg001.msA:18.101
urn:cite:hmt:reuse.18_127,urn:cts:greekLit:tlg5026.msA.hmt:18.42,"νῦν δ' εῖμ' ὄφρα φίλης κεφαλῆς",urn:cite:hmt:reusetype.quote1,urn:cts:greekLit:tlg0012.tlg001.msA:18.114
urn:cite:hmt:reuse.18_130,urn:cts:greekLit:tlg5026.msA.hmt:18.44,"καὶ χόλος",urn:cite:hmt:reusetype.quote1,urn:cts:greekLit:tlg0012.tlg001.msA:18.108
urn:cite:hmt:reuse.18_132,urn:cts:greekLit:tlg5026.msA.hmt:18.54,"χάλκεα",urn:cite:hmt:reusetype.quote1,urn:cts:greekLit:tlg0012.tlg001.msA:18.131
urn:cite:hmt:reuse.18_133,urn:cts:greekLit:tlg5026.msA.hmt:18.54,"ἐτήτυμον",urn:cite:hmt:reusetype.quote1,urn:cts:greekLit:tlg0012.tlg001.msA:18.128
urn:cite:hmt:reuse.18_134,urn:cts:greekLit:tlg5026.msA.hmt:18.57,"ἀγορεῦσαι",urn:cite:hmt:reusetype.multiform1,urn:cts:greekLit:tlg0012.tlg001.msA:18.142
urn:cite:hmt:reuse.18_135,urn:cts:greekLit:tlg5026.msA.hmt:18.60,"Ἕκτωρ τὲ Πριάμοιοσὺῒ ΐκελος ἀλκὴνἀλκήν, ὅς μιν τρὶς μετόπισθε ποδῶν λάβε καὶ μέγ' ἀϋτει ἐλκέμεναι μεμαώς κεφαλὴν δέ ἑ θυμὸς ἀνώγει πῆξαι ἀνα σκόλοπας οἳ τάμονθ' ἁπαλῆς ἀπο δειρῆς",urn:cite:hmt:reusetype.multiform1,urn:cts:greekLit:tlg0012.tlg001.msA:18.154-158
urn:cite:hmt:reuse.18_136,urn:cts:greekLit:tlg5026.msA.hmt:18.61,"μέγα ἀχεων",urn:cite:hmt:reusetype.multiform1,urn:cts:greekLit:tlg0012.tlg001.msA:18.160
urn:cite:hmt:reuse.18_137,urn:cts:greekLit:tlg5026.msA.hmt:18.62,"τίθεσθαι",urn:cite:hmt:reusetype.langusage,
urn:cite:hmt:reuse.18_138,urn:cts:greekLit:tlg5026.msA.hmt:18.62,"δίημι",urn:cite:hmt:reusetype.langusage,
urn:cite:hmt:reuse.18_139,urn:cts:greekLit:tlg5026.msA.hmt:18.62,"δίεσαν",urn:cite:hmt:reusetype.langusage,
urn:cite:hmt:reuse.18_140,urn:cts:greekLit:tlg5026.msA.hmt:18.62,"ἐτίθεσαν",urn:cite:hmt:reusetype.langusage,
urn:cite:hmt:reuse.18_142,urn:cts:greekLit:tlg5026.msA.hmt:18.62,"τίθενται",urn:cite:hmt:reusetype.langusage,
urn:cite:hmt:reuse.18_143,urn:cts:greekLit:tlg5026.msA.hmt:18.62,"τίθεσθαι",urn:cite:hmt:reusetype.langusage,
urn:cite:hmt:reuse.18_144,urn:cts:greekLit:tlg5026.msA.hmt:18.62,"δίενται",urn:cite:hmt:reusetype.langusage,
urn:cite:hmt:reuse.18_145,urn:cts:greekLit:tlg5026.msA.hmt:18.62,"δίεσθαι",urn:cite:hmt:reusetype.langusage,
urn:cite:hmt:reuse.18_146,urn:cts:greekLit:tlg5026.msA.hmt:18.63,"Πατρόκλου ἐπάμυνον",Literally quoted multiform of a given passage,urn:cts:greekLit:tlg0012.tlg001.msA:18.171
urn:cite:hmt:reuse.18_147,urn:cts:greekLit:tlg5026.msA.hmt:18.63,"περι",urn:cite:hmt:reusetype.quote3,
urn:cite:hmt:reuse.18_148,urn:cts:greekLit:tlg5026.msA.hmt:18.64,"Ἴ̈λιον αἰπὺ θέλοντες·",urn:cite:hmt:reusetype.multiform1,urn:cts:greekLit:tlg0012.tlg001.msA:18.174
urn:cite:hmt:reuse.18_149,urn:cts:greekLit:tlg5026.msA.hmt:18.64,"ελκέμεναι μέμονεν",urn:cite:hmt:reusetype.quote1,urn:cts:greekLit:tlg0012.tlg001.msA:18.176
urn:cite:hmt:reuse.18_150,urn:cts:greekLit:tlg5026.msA.hmt:18.64,"πῆξαι ἀνα σκολότεσσιν",urn:cite:hmt:reusetype.quote1,urn:cts:greekLit:tlg0012.tlg001.msA:18.177
urn:cite:hmt:reuse.18_151,urn:cts:greekLit:tlg5026.msA.hmt:18.66,"τίς τάρ σε",urn:cite:hmt:reusetype.multiform1,urn:cts:greekLit:tlg0012.tlg001.msA:18.182
urn:cite:hmt:reuse.18_154,urn:cts:greekLit:tlg5026.msA.hmt:18.70,"αυτὸς",urn:cite:hmt:reusetype.multiform1,urn:cts:greekLit:tlg0012.tlg001.msA:18.198
urn:cite:hmt:reuse.18_155,urn:cts:greekLit:tlg5026.msA.hmt:18.73,"ὡς δ' ὅτε πῦρ ἐπι πόντον ἀριπρεπὲς αἰθέρ' ἴ̈κηται",urn:cite:hmt:reusetype.multiform1,urn:cts:greekLit:tlg0012.tlg001.msA:18.207
urn:cite:hmt:reuse.18_156,urn:cts:greekLit:tlg5026.msA.hmt:18.75,"νήσου",urn:cite:hmt:reusetype.quote1,urn:cts:greekLit:tlg0012.tlg001.msA:18.208
urn:cite:hmt:reuse.18_157,urn:cts:greekLit:tlg5026.msA.hmt:18.76,"νόμιμος",urn:cite:hmt:reusetype.langusage,
urn:cite:hmt:reuse.18_158,urn:cts:greekLit:tlg5026.msA.hmt:18.76,"σπόριμος",urn:cite:hmt:reusetype.langusage,
urn:cite:hmt:reuse.18_159,urn:cts:greekLit:tlg5026.msA.hmt:18.76,"ἐπητρϊμἐπήτρϊμος",urn:cite:hmt:reusetype.langusage,
urn:cite:hmt:reuse.18_161,urn:cts:greekLit:tlg5026.msA.hmt:18.81,"ὅπα χαλκέην",urn:cite:hmt:reusetype.multiform1,urn:cts:greekLit:tlg0012.tlg001.msA:18.222
urn:cite:hmt:reuse.18_162,urn:cts:greekLit:tlg5026.msA.hmt:18.83,"ἔνθα δε κοῦροι ὄλοντο δυώδεκα πάντες ἄριστοι οἷσιν ἐν βελέεσσιν",urn:cite:hmt:reusetype.multiform1,urn:cts:greekLit:tlg0012.tlg001.msA:18.230-18.231
urn:cite:hmt:reuse.18_163,urn:cts:greekLit:tlg5026.msA.hmt:18.83,"οἷσιν βελέεσσιν",urn:cite:hmt:reusetype.multiform1,urn:cts:greekLit:tlg0012.tlg001.msA:18.231
urn:cite:hmt:reuse.18_165,urn:cts:greekLit:tlg5026.msA.hmt:18.87,"φόβος",urn:cite:hmt:reusetype.multiform1,urn:cts:greekLit:tlg0012.tlg001.msA:18.247
urn:cite:hmt:reuse.18_166,urn:cts:greekLit:tlg5026.msA.hmt:18.88,"ἐξεφάνη",urn:cite:hmt:reusetype.quote1,urn:cts:greekLit:tlg0012.tlg001.msA:18.248
urn:cite:hmt:reuse.18_167,urn:cts:greekLit:tlg5026.msA.hmt:18.89,"οὐδέ τι οἶδε νοῆσαι ἅμα πρόσσω καὶ οπίσσω",urn:cite:hmt:reusetype.quote3,urn:cts:greekLit:tlg0012.tlg001.msA:18.250
urn:cite:hmt:reuse.18_168,urn:cts:greekLit:tlg5026.msA.hmt:18.93,"φράσαι",urn:cite:hmt:reusetype.langusage,
urn:cite:hmt:reuse.18_171,urn:cts:greekLit:tlg5026.msA.hmt:18.96,"γυναιξὶ",urn:cite:hmt:reusetype.multiform1,urn:cts:greekLit:tlg0012.tlg001.msA:18.265
urn:cite:hmt:reuse.18_172,urn:cts:greekLit:tlg5026.msA.hmt:18.103,"ἐκπέρσει",urn:cite:hmt:reusetype.quote1,urn:cts:greekLit:tlg0012.tlg001.msA:18.283
urn:cite:hmt:reuse.18_173,urn:cts:greekLit:tlg5026.msA.hmt:18.105,"ἀλήμεναι",urn:cite:hmt:reusetype.quote1,urn:cts:greekLit:tlg0012.tlg001.msA:18.286
urn:cite:hmt:reuse.18_174,urn:cts:greekLit:tlg5026.msA.hmt:18.114,"λέαινα",urn:cite:hmt:reusetype.langusage,
urn:cite:hmt:reuse.18_175,urn:cts:greekLit:tlg5026.msA.hmt:18.115,"ὕμνος",urn:cite:hmt:reusetype.langusage,
urn:cite:hmt:reuse.18_176,urn:cts:greekLit:tlg5026.msA.hmt:18.115,"ὕμνος",urn:cite:hmt:reusetype.langusage,
urn:cite:hmt:reuse.18_177,urn:cts:greekLit:tlg5026.msA.hmt:18.115,"κύκνος",urn:cite:hmt:reusetype.langusage,
urn:cite:hmt:reuse.18_178,urn:cts:greekLit:tlg5026.msA.hmt:18.115,"λύχνος",urn:cite:hmt:reusetype.langusage,
urn:cite:hmt:reuse.18_179,urn:cts:greekLit:tlg5026.msA.hmt:18.115,"Κύθνος",urn:cite:hmt:reusetype.langusage,
urn:cite:hmt:reuse.18_182,urn:cts:greekLit:tlg5026.msA.hmt:18.120,"λιτί",urn:cite:hmt:reusetype.quote1,urn:cts:greekLit:tlg0012.tlg001.msA:18.352
urn:cite:hmt:reuse.18_183,urn:cts:greekLit:tlg5026.msA.hmt:18.120,"θιτί",urn:cite:hmt:reusetype.langusage,
urn:cite:hmt:reuse.18_184,urn:cts:greekLit:tlg5026.msA.hmt:18.120,"λιτὶ",urn:cite:hmt:reusetype.quote1,urn:cts:greekLit:tlg0012.tlg001.msA:18.352
urn:cite:hmt:reuse.18_185,urn:cts:greekLit:tlg5026.msA.hmt:18.120,"λιτλῖτα",urn:cite:hmt:reusetype.langusage,
urn:cite:hmt:reuse.18_186,urn:cts:greekLit:tlg5026.msA.hmt:18.120,"λιτῶ",urn:cite:hmt:reusetype.langusage,
urn:cite:hmt:reuse.18_187,urn:cts:greekLit:tlg5026.msA.hmt:18.120,"λιτός",urn:cite:hmt:reusetype.langusage,
urn:cite:hmt:reuse.18_188,urn:cts:greekLit:tlg5026.msA.hmt:18.120,"λῖτα",urn:cite:hmt:reusetype.langusage,
urn:cite:hmt:reuse.18_189,urn:cts:greekLit:tlg5026.msA.hmt:18.120,"λιτόν",urn:cite:hmt:reusetype.langusage,
urn:cite:hmt:reuse.18_190,urn:cts:greekLit:tlg5026.msA.hmt:18.122,"πῶς δὴ ἔγωγ'",urn:cite:hmt:reusetype.quote1,urn:cts:greekLit:tlg0012.tlg001.msA:18.364
urn:cite:hmt:reuse.18_191,urn:cts:greekLit:tlg5026.msA.hmt:18.122,"εγών",urn:cite:hmt:reusetype.multiform1,urn:cts:greekLit:tlg0012.tlg001.msA:18.364
urn:cite:hmt:reuse.18_192,urn:cts:greekLit:tlg5026.msA.hmt:18.124,"σπεύδοντσπεύδοντα",urn:cite:hmt:reusetype.quote1,urn:cts:greekLit:tlg0012.tlg001.msA:18.373
urn:cite:hmt:reuse.18_193,urn:cts:greekLit:tlg5026.msA.hmt:18.125,"ὑπόκυκλα",urn:cite:hmt:reusetype.multiform1,urn:cts:greekLit:tlg0012.tlg001.msA:18.375
urn:cite:hmt:reuse.18_195,urn:cts:greekLit:tlg5026.msA.hmt:18.126,"θεῖον κατα δῶμα νέονται",urn:cite:hmt:reusetype.multiform1,urn:cts:greekLit:tlg0012.tlg001.msA:18.376
urn:cite:hmt:reuse.18_196,urn:cts:greekLit:tlg5026.msA.hmt:18.127,"νεοίατο",urn:cite:hmt:reusetype.quote1,urn:cts:greekLit:tlg0012.tlg001.msA:18.377
urn:cite:hmt:reuse.18_197,urn:cts:greekLit:tlg5026.msA.hmt:18.131,"ἡμέτερον δὲ",urn:cite:hmt:reusetype.multiform1,urn:cts:greekLit:tlg0012.tlg001.msA:18.385
urn:cite:hmt:reuse.18_198,urn:cts:greekLit:tlg5026.msA.hmt:18.131,"Θέτις τανύπεπλος ϊκάνεις",urn:cite:hmt:reusetype.multiform1,urn:cts:greekLit:tlg0012.tlg001.msA:18.385
urn:cite:hmt:reuse.18_199,urn:cts:greekLit:tlg5026.msA.hmt:18.132,"τί σὺ πρὸς ημᾶς οὐ γὰρ πυκνῶς εἴωθας παραγίνεσθαι",urn:cite:hmt:reusetype.quote3,urn:cts:greekLit:tlg0012.tlg001.msA:18.386
urn:cite:hmt:reuse.18_200,urn:cts:greekLit:tlg5026.msA.hmt:18.133,"ὦδε",urn:cite:hmt:reusetype.quote1,urn:cts:greekLit:tlg0012.tlg001.msA:18.392
urn:cite:hmt:reuse.18_202,urn:cts:greekLit:tlg5026.msA.hmt:18.139,"τῆσι",urn:cite:hmt:reusetype.quote1,urn:cts:greekLit:tlg0012.tlg001.msA:18.400
urn:cite:hmt:reuse.18_203,urn:cts:greekLit:tlg5026.msA.hmt:18.139,"δαίδαλα πάντα",urn:cite:hmt:reusetype.multiform1,urn:cts:greekLit:tlg0012.tlg001.msA:18.400
urn:cite:hmt:reuse.18_205,urn:cts:greekLit:tlg5026.msA.hmt:18.140,"τόφρα οἱ ἐγγύθεν ἦλθε θεὰ Θετις ἀργυρόπεζα·",urn:cite:hmt:reusetype.multiform1,urn:cts:greekLit:tlg0012.tlg001.msA:18.381
urn:cite:hmt:reuse.18_207,urn:cts:greekLit:tlg5026.msA.hmt:18.142,"ετος",urn:cite:hmt:reusetype.langusage,
urn:cite:hmt:reuse.18_208,urn:cts:greekLit:tlg5026.msA.hmt:18.142,"θετός",urn:cite:hmt:reusetype.langusage,
urn:cite:hmt:reuse.18_209,urn:cts:greekLit:tlg5026.msA.hmt:18.142,"ἐτεός",urn:cite:hmt:reusetype.langusage,
urn:cite:hmt:reuse.18_210,urn:cts:greekLit:tlg5026.msA.hmt:18.142,"ετά Τημενίδος χρύσεον γένος",urn:cite:hmt:reusetype.quote2,
urn:cite:hmt:reuse.18_212,urn:cts:greekLit:tlg5026.msA.hmt:18.142,"ἄατον",urn:cite:hmt:reusetype.langusage,
urn:cite:hmt:reuse.18_213,urn:cts:greekLit:tlg5026.msA.hmt:18.142,"ἄητον",urn:cite:hmt:reusetype.langusage,
urn:cite:hmt:reuse.18_214,urn:cts:greekLit:tlg5026.msA.hmt:18.142,"ἄρρητον",urn:cite:hmt:reusetype.langusage,
urn:cite:hmt:reuse.18_215,urn:cts:greekLit:tlg5026.msA.hmt:18.142,"ἄκλητον",urn:cite:hmt:reusetype.langusage,
urn:cite:hmt:reuse.18_216,urn:cts:greekLit:tlg5026.msA.hmt:18.142,"ἄκμητον",urn:cite:hmt:reusetype.langusage,
urn:cite:hmt:reuse.18_217,urn:cts:greekLit:tlg5026.msA.hmt:18.142,"ἄητον",urn:cite:hmt:reusetype.multiform1,urn:cts:greekLit:tlg0012.tlg001.msA:18.410
urn:cite:hmt:reuse.18_218,urn:cts:greekLit:tlg5026.msA.hmt:18.143,"κιβωτος",urn:cite:hmt:reusetype.langusage,
urn:cite:hmt:reuse.18_219,urn:cts:greekLit:tlg5026.msA.hmt:18.143,"ἐπονεῖτο",urn:cite:hmt:reusetype.quote1,urn:cts:greekLit:tlg0012.tlg001.msA:18.413
urn:cite:hmt:reuse.18_221,urn:cts:greekLit:tlg5026.msA.hmt:18.145,"ἔρρων",urn:cite:hmt:reusetype.quote1,urn:cts:greekLit:tlg0012.tlg001.msA:18.421
urn:cite:hmt:reuse.18_222,urn:cts:greekLit:tlg5026.msA.hmt:18.146,"ἡμέτερον δέ",urn:cite:hmt:reusetype.multiform1,urn:cts:greekLit:tlg0012.tlg001.msA:18.424
urn:cite:hmt:reuse.18_223,urn:cts:greekLit:tlg5026.msA.hmt:18.146,"Θέτις τανύπεπλος ϊκάνεις",urn:cite:hmt:reusetype.multiform1,urn:cts:greekLit:tlg0012.tlg001.msA:18.424
urn:cite:hmt:reuse.18_224,urn:cts:greekLit:tlg5026.msA.hmt:18.149,"νῦν",urn:cite:hmt:reusetype.quote1,urn:cts:greekLit:tlg0012.tlg001.msA:18.435
urn:cite:hmt:reuse.18_225,urn:cts:greekLit:tlg5026.msA.hmt:18.149,"υἱὸν ἐπεί μοι δῶκεν",urn:cite:hmt:reusetype.multiform1,urn:cts:greekLit:tlg0012.tlg001.msA:18.436
urn:cite:hmt:reuse.18_227,urn:cts:greekLit:tlg5026.msA.hmt:18.153,"ἐμ ωκυμόρῳ",urn:cite:hmt:reusetype.quote1,urn:cts:greekLit:tlg0012.tlg001.msA:18.458
urn:cite:hmt:reuse.18_228,urn:cts:greekLit:tlg5026.msA.hmt:18.154,"ὁ γὰρ ἦν",urn:cite:hmt:reusetype.quote1,urn:cts:greekLit:tlg0012.tlg001.msA:18.460
urn:cite:hmt:reuse.18_230,urn:cts:greekLit:tlg5026.msA.hmt:18.154,"γὰρ",urn:cite:hmt:reusetype.quote1,urn:cts:greekLit:tlg0012.tlg001.msA:18.460
urn:cite:hmt:reuse.18_234,urn:cts:greekLit:tlg5026.msA.hmt:18.155,"Τρωσὶν",urn:cite:hmt:reusetype.multiform1,urn:cts:greekLit:tlg0012.tlg001.msA:18.461
urn:cite:hmt:reuse.18_236,urn:cts:greekLit:tlg5026.msA.hmt:18.156,"ϊκάνοι",urn:cite:hmt:reusetype.quote1,urn:cts:greekLit:tlg0012.tlg001.msA:18.465
urn:cite:hmt:reuse.18_237,urn:cts:greekLit:tlg5026.msA.hmt:18.156,"ὃς",,
urn:cite:hmt:reuse.18_238,urn:cts:greekLit:tlg5026.msA.hmt:18.158,"εὔπρηστον",urn:cite:hmt:reusetype.quote1,urn:cts:greekLit:tlg0012.tlg001.msA:18.471
urn:cite:hmt:reuse.18_239,urn:cts:greekLit:tlg5026.msA.hmt:18.169,"τὴν ἅμαξαν",urn:cite:hmt:reusetype.langusage,
urn:cite:hmt:reuse.18_240,urn:cts:greekLit:tlg5026.msA.hmt:18.177,"είδω",urn:cite:hmt:reusetype.langusage,
urn:cite:hmt:reuse.18_241,urn:cts:greekLit:tlg5026.msA.hmt:18.177,"εἴσω",urn:cite:hmt:reusetype.langusage,
urn:cite:hmt:reuse.18_242,urn:cts:greekLit:tlg5026.msA.hmt:18.177,"ἵστωρ",urn:cite:hmt:reusetype.langusage,
urn:cite:hmt:reuse.18_243,urn:cts:greekLit:tlg5026.msA.hmt:18.177,"ἱστῷ",urn:cite:hmt:reusetype.langusage,
urn:cite:hmt:reuse.18_244,urn:cts:greekLit:tlg5026.msA.hmt:18.177,"ἵστημι",urn:cite:hmt:reusetype.langusage,
urn:cite:hmt:reuse.18_245,urn:cts:greekLit:tlg5026.msA.hmt:18.177,"Ἴ̈στρος",urn:cite:hmt:reusetype.langusage,
urn:cite:hmt:reuse.18_246,urn:cts:greekLit:tlg5026.msA.hmt:18.180,"αμοιβηδις",urn:cite:hmt:reusetype.quote1,urn:cts:greekLit:tlg0012.tlg001.msA:18.506
urn:cite:hmt:reuse.18_247,urn:cts:greekLit:tlg5026.msA.hmt:18.186,"εφεσταότες",urn:cite:hmt:reusetype.quote1,urn:cts:greekLit:tlg0012.tlg001.msA:18.515
urn:cite:hmt:reuse.18_248,urn:cts:greekLit:tlg5026.msA.hmt:18.186,"ἀνέρες",urn:cite:hmt:reusetype.quote1,urn:cts:greekLit:tlg0012.tlg001.msA:18.515
urn:cite:hmt:reuse.18_249,urn:cts:greekLit:tlg5026.msA.hmt:18.188,"οὐδεν όλιζον ἑξομαι",urn:cite:hmt:reusetype.langusage,
urn:cite:hmt:reuse.18_250,urn:cts:greekLit:tlg5026.msA.hmt:18.188,"μέλας",urn:cite:hmt:reusetype.langusage,
urn:cite:hmt:reuse.18_251,urn:cts:greekLit:tlg5026.msA.hmt:18.188,"μέλαν",urn:cite:hmt:reusetype.langusage,
urn:cite:hmt:reuse.18_252,urn:cts:greekLit:tlg5026.msA.hmt:18.188,"τάλας",urn:cite:hmt:reusetype.langusage,
urn:cite:hmt:reuse.18_253,urn:cts:greekLit:tlg5026.msA.hmt:18.188,"τάλαν",urn:cite:hmt:reusetype.langusage,
urn:cite:hmt:reuse.18_254,urn:cts:greekLit:tlg5026.msA.hmt:18.188,"πᾶς",urn:cite:hmt:reusetype.langusage,
urn:cite:hmt:reuse.18_255,urn:cts:greekLit:tlg5026.msA.hmt:18.188,"πᾶν",urn:cite:hmt:reusetype.langusage,
urn:cite:hmt:reuse.18_256,urn:cts:greekLit:tlg5026.msA.hmt:18.188,"ευμήκης",urn:cite:hmt:reusetype.langusage,
urn:cite:hmt:reuse.18_257,urn:cts:greekLit:tlg5026.msA.hmt:18.188,"ευμῆκες",urn:cite:hmt:reusetype.langusage,
urn:cite:hmt:reuse.18_258,urn:cts:greekLit:tlg5026.msA.hmt:18.188,"ταχύς",urn:cite:hmt:reusetype.langusage,
urn:cite:hmt:reuse.18_259,urn:cts:greekLit:tlg5026.msA.hmt:18.188,"ταχυ",urn:cite:hmt:reusetype.langusage,
urn:cite:hmt:reuse.18_260,urn:cts:greekLit:tlg5026.msA.hmt:18.188,"φίλος",urn:cite:hmt:reusetype.langusage,
urn:cite:hmt:reuse.18_261,urn:cts:greekLit:tlg5026.msA.hmt:18.188,"φίλον",urn:cite:hmt:reusetype.langusage,
urn:cite:hmt:reuse.18_262,urn:cts:greekLit:tlg5026.msA.hmt:18.188,"σώφρων",urn:cite:hmt:reusetype.langusage,
urn:cite:hmt:reuse.18_263,urn:cts:greekLit:tlg5026.msA.hmt:18.188,"σώφρον",urn:cite:hmt:reusetype.langusage,
urn:cite:hmt:reuse.18_264,urn:cts:greekLit:tlg5026.msA.hmt:18.188,"οὐδὲν ολιζον ἕξομεν",urn:cite:hmt:reusetype.langusage,
urn:cite:hmt:reuse.18_265,urn:cts:greekLit:tlg5026.msA.hmt:18.188,"σῶφρον",urn:cite:hmt:reusetype.langusage,
urn:cite:hmt:reuse.18_266,urn:cts:greekLit:tlg5026.msA.hmt:18.188,"ολιγώτερος",urn:cite:hmt:reusetype.langusage,
urn:cite:hmt:reuse.18_267,urn:cts:greekLit:tlg5026.msA.hmt:18.188,"ὀλιγίων",urn:cite:hmt:reusetype.langusage,
urn:cite:hmt:reuse.18_268,urn:cts:greekLit:tlg5026.msA.hmt:18.188,"ὀλίγιστος",urn:cite:hmt:reusetype.langusage,
urn:cite:hmt:reuse.18_269,urn:cts:greekLit:tlg5026.msA.hmt:18.188,"ὀλίσσων",urn:cite:hmt:reusetype.langusage,
urn:cite:hmt:reuse.18_270,urn:cts:greekLit:tlg5026.msA.hmt:18.188,"ὀλίζον",urn:cite:hmt:reusetype.langusage,
urn:cite:hmt:reuse.18_271,urn:cts:greekLit:tlg5026.msA.hmt:18.188,"μεῖζον",urn:cite:hmt:reusetype.langusage,
urn:cite:hmt:reuse.18_272,urn:cts:greekLit:tlg5026.msA.hmt:18.189,"ἀρδμός",urn:cite:hmt:reusetype.quote1,urn:cts:greekLit:tlg0012.tlg001.msA:18.521
urn:cite:hmt:reuse.18_273,urn:cts:greekLit:tlg5026.msA.hmt:18.189,"ἄρδω",urn:cite:hmt:reusetype.langusage,
urn:cite:hmt:reuse.18_275,urn:cts:greekLit:tlg5026.msA.hmt:18.189,"άσσω",urn:cite:hmt:reusetype.langusage,
urn:cite:hmt:reuse.18_276,urn:cts:greekLit:tlg5026.msA.hmt:18.189,"κατάσσω",urn:cite:hmt:reusetype.langusage,
urn:cite:hmt:reuse.18_277,urn:cts:greekLit:tlg5026.msA.hmt:18.189,"άξω",urn:cite:hmt:reusetype.langusage,
urn:cite:hmt:reuse.18_278,urn:cts:greekLit:tlg5026.msA.hmt:18.189,"ἀρῶ",urn:cite:hmt:reusetype.langusage,
urn:cite:hmt:reuse.18_279,urn:cts:greekLit:tlg5026.msA.hmt:18.189,"ἀρῶμαι",urn:cite:hmt:reusetype.langusage,
urn:cite:hmt:reuse.18_280,urn:cts:greekLit:tlg5026.msA.hmt:18.189,"Ἀρήν",urn:cite:hmt:reusetype.langusage,
urn:cite:hmt:reuse.18_281,urn:cts:greekLit:tlg5026.msA.hmt:18.189,"πισσοκονίας ἀρὴν",urn:cite:hmt:reusetype.quote2,
urn:cite:hmt:reuse.18_282,urn:cts:greekLit:tlg5026.msA.hmt:18.192,"κενὸς",urn:cite:hmt:reusetype.langusage,
urn:cite:hmt:reuse.18_283,urn:cts:greekLit:tlg5026.msA.hmt:18.192,"κενεός",urn:cite:hmt:reusetype.langusage,
urn:cite:hmt:reuse.18_284,urn:cts:greekLit:tlg5026.msA.hmt:18.192,"ἀδελφὸς",urn:cite:hmt:reusetype.langusage,
urn:cite:hmt:reuse.18_285,urn:cts:greekLit:tlg5026.msA.hmt:18.192,"ἀδελφεός",urn:cite:hmt:reusetype.langusage,
urn:cite:hmt:reuse.18_286,urn:cts:greekLit:tlg5026.msA.hmt:18.193,"νεκροὺς",urn:cite:hmt:reusetype.quote1,urn:cts:greekLit:tlg0012.tlg001.msA:18.540
urn:cite:hmt:reuse.18_287,urn:cts:greekLit:tlg5026.msA.hmt:18.195,"μέτρον",urn:cite:hmt:reusetype.langusage,
urn:cite:hmt:reuse.18_288,urn:cts:greekLit:tlg5026.msA.hmt:18.197,"τεμέρος",urn:cite:hmt:reusetype.quote1,urn:cts:greekLit:tlg0012.tlg001.msA:18.550
urn:cite:hmt:reuse.18_289,urn:cts:greekLit:tlg5026.msA.hmt:18.200,"δεῖπνον",urn:cite:hmt:reusetype.quote1,urn:cts:greekLit:tlg0012.tlg001.msA:18.560
urn:cite:hmt:reuse.18_290,urn:cts:greekLit:tlg5026.msA.hmt:18.201,"τρυφερὰ",urn:cite:hmt:reusetype.multiform2,urn:cts:greekLit:tlg0012.tlg001.msA:18.567
urn:cite:hmt:reuse.18_291,urn:cts:greekLit:tlg5026.msA.hmt:18.201,"νήπια",urn:cite:hmt:reusetype.langusage,
urn:cite:hmt:reuse.18_292,urn:cts:greekLit:tlg5026.msA.hmt:18.201,"πρᾶα",urn:cite:hmt:reusetype.multiform2,urn:cts:greekLit:tlg0012.tlg001.msA:18.567
urn:cite:hmt:reuse.18_293,urn:cts:greekLit:tlg5026.msA.hmt:18.202,"λινὸς δ' ὑπο καλὸν ἄειδε",urn:cite:hmt:reusetype.multiform1,urn:cts:greekLit:tlg0012.tlg001.msA:18.570
urn:cite:hmt:reuse.18_294,urn:cts:greekLit:tlg5026.msA.hmt:18.203,"λίνον",urn:cite:hmt:reusetype.quote1,urn:cts:greekLit:tlg0012.tlg001.msA:18.570
urn:cite:hmt:reuse.18_295,urn:cts:greekLit:tlg5026.msA.hmt:18.204,"λίνον δὲ ὑπο καλὸν ἄειδε",urn:cite:hmt:reusetype.quote1,urn:cts:greekLit:tlg0012.tlg001.msA:18.570
urn:cite:hmt:reuse.18_297,urn:cts:greekLit:tlg5026.msA.hmt:18.205,"διὰ ῥαδαλόν",urn:cite:hmt:reusetype.multiform1,urn:cts:greekLit:tlg0012.tlg001.msA:18.576
urn:cite:hmt:reuse.18_298,urn:cts:greekLit:tlg5026.msA.hmt:18.205,"παρα ραδηλλόν",urn:cite:hmt:reusetype.multiform1,urn:cts:greekLit:tlg0012.tlg001.msA:18.576
urn:cite:hmt:reuse.18_299,urn:cts:greekLit:tlg5026.msA.hmt:18.205,"δονακῆεν",urn:cite:hmt:reusetype.multiform1,urn:cts:greekLit:tlg0012.tlg001.msA:18.576
urn:cite:hmt:reuse.18_300,urn:cts:greekLit:tlg5026.msA.hmt:18.205,"πευκῶνα",urn:cite:hmt:reusetype.langusage,
urn:cite:hmt:reuse.18_301,urn:cts:greekLit:tlg5026.msA.hmt:18.205,"πευκᾶεν",urn:cite:hmt:reusetype.langusage,
urn:cite:hmt:reuse.18_302,urn:cts:greekLit:tlg5026.msA.hmt:18.206,"δύο πρώτῃσι βόεσσι",urn:cite:hmt:reusetype.multiform1,urn:cts:greekLit:tlg0012.tlg001.msA:18.579
urn:cite:hmt:reuse.18_303,urn:cts:greekLit:tlg5026.msA.hmt:18.206,"κυάνεον δὲ λέοντε",urn:cite:hmt:reusetype.multiform1,urn:cts:greekLit:tlg0012.tlg001.msA:18.579
urn:cite:hmt:reuse.18_304,urn:cts:greekLit:tlg5026.msA.hmt:18.209,"τοῦ τρόχουτροχοῦ",urn:cite:hmt:reusetype.langusage,
urn:cite:hmt:reuse.18_305,urn:cts:greekLit:tlg5026.msA.hmt:18.209,"ἄρμενον",urn:cite:hmt:reusetype.multiform1,urn:cts:greekLit:tlg0012.tlg001.msA:18.600
urn:cite:hmt:reuse.18_307,urn:cts:greekLit:tlg5026.msA.hmt:18.210,"κάμηλος",urn:cite:hmt:reusetype.langusage,
urn:cite:hmt:reuse.18_308,urn:cts:greekLit:tlg5026.msA.hmt:18.210,"φάσηλος",urn:cite:hmt:reusetype.langusage,
urn:cite:hmt:reuse.18_309,urn:cts:greekLit:tlg5026.msA.hmt:18.210,"υψηλός",urn:cite:hmt:reusetype.langusage,
urn:cite:hmt:reuse.18_310,urn:cts:greekLit:tlg5026.msA.hmt:18.210,"ἀπατηλός",urn:cite:hmt:reusetype.langusage,
urn:cite:hmt:reuse.18_311,urn:cts:greekLit:tlg5026.msA.hmt:18.210,"βέβηλος",urn:cite:hmt:reusetype.langusage,
urn:cite:hmt:reuse.18_312,urn:cts:greekLit:tlg5026.msA.hmt:18.210,"κίβδηλος",urn:cite:hmt:reusetype.langusage,
urn:cite:hmt:reuse.18_313,urn:cts:greekLit:tlg5026.msA.hmt:18.210,"κάπηλος",urn:cite:hmt:reusetype.langusage,
urn:cite:hmt:reuse.18_314,urn:cts:greekLit:tlg5026.msA.hmt:18.210,"ερυγμηλος",urn:cite:hmt:reusetype.langusage,
urn:cite:hmt:reuse.18_315,urn:cts:greekLit:tlg5026.msA.hmt:18.210,"ἐρύγω",urn:cite:hmt:reusetype.langusage,
urn:cite:hmt:reuse.18_316,urn:cts:greekLit:tlg5026.msA.hmt:18.210,"ἐρυγηλος",urn:cite:hmt:reusetype.langusage,
urn:cite:hmt:reuse.18_317,urn:cts:greekLit:tlg5026.msA.hmt:18.210,"ἐρυγμηλος",urn:cite:hmt:reusetype.langusage,
urn:cite:hmt:reuse.18_318,urn:cts:greekLit:tlg5026.msA.hmt:18.211,"τοὺς δὲ κύνες μετεκίαθον",,
urn:cite:hmt:reuse.18_319,urn:cts:greekLit:tlg5026.msA.hmt:18.211,"ἕλκετο",,
urn:cite:hmt:reuse.18_320,urn:cts:greekLit:tlg5026.msA.hmt:18.212,"λαφύσσετον",,
urn:cite:hmt:reuse.18_321,urn:cts:greekLit:tlg5026.msA.hmt:18.213,"ουτοὕτως",,
urn:cite:hmt:reuse.18_322,urn:cts:greekLit:tlg5026.msA.hmt:18.213,"αύτως",,
urn:cite:hmt:reuse.18_323,urn:cts:greekLit:tlg5026.msA.hmt:18.213,"ἐνδίεσαν",,
urn:cite:hmt:reuse.18_324,urn:cts:greekLit:tlg5026.msA.hmt:18.213,"ἐνδίησαν",,
urn:cite:hmt:reuse.18_325,urn:cts:greekLit:tlg5026.msA.hmt:18.215,"τῷ ΐκελον. οἷον ποτὲ ἐνι Κνωσῷ",,
urn:cite:hmt:reuse.18_326,urn:cts:greekLit:tlg5026.msA.hmt:18.216,"ἄλφειν",,
urn:cite:hmt:reuse.18_327,urn:cts:greekLit:tlg5026.msA.hmt:18.216,"ἄλφη",,
