Text,Image
urn:cts:greekLit:tlg0012.tlg001.msA:18.1,"urn:cite:hmt:vaimg.VA239RN-0410@0.102,0.1803,0.521,0.0766"
urn:cts:greekLit:tlg0012.tlg001.msA:18.2,"urn:cite:hmt:vaimg.VA239RN-0410@0.206,0.2216,0.427,0.0316"
urn:cts:greekLit:tlg0012.tlg001.msA:18.3,"urn:cite:hmt:vaimg.VA239RN-0410@0.206,0.2427,0.427,0.0293"
urn:cts:greekLit:tlg0012.tlg001.msA:18.4,"urn:cite:hmt:vaimg.VA239RN-0410@0.209,0.2637,0.427,0.0293"
urn:cts:greekLit:tlg0012.tlg001.msA:18.5,"urn:cite:hmt:vaimg.VA239RN-0410@0.208,0.2832,0.427,0.0293"
urn:cts:greekLit:tlg0012.tlg001.msA:18.6,"urn:cite:hmt:vaimg.VA239RN-0410@0.207,0.3005,0.427,0.0293"
urn:cts:greekLit:tlg0012.tlg001.msA:18.7,"urn:cite:hmt:vaimg.VA239RN-0410@0.201,0.3193,0.427,0.0293"
urn:cts:greekLit:tlg0012.tlg001.msA:18.8,"urn:cite:hmt:vaimg.VA239RN-0410@0.201,0.3358,0.427,0.0293"
urn:cts:greekLit:tlg0012.tlg001.msA:18.9,"urn:cite:hmt:vaimg.VA239RN-0410@0.199,0.3554,0.427,0.0293"
urn:cts:greekLit:tlg0012.tlg001.msA:18.10,"urn:cite:hmt:vaimg.VA239RN-0410@0.198,0.3742,0.427,0.0293"
urn:cts:greekLit:tlg0012.tlg001.msA:18.11,"urn:cite:hmt:vaimg.VA239RN-0410@0.197,0.3937,0.427,0.0293"
urn:cts:greekLit:tlg0012.tlg001.msA:18.12,"urn:cite:hmt:vaimg.VA239RN-0410@0.197,0.4125,0.427,0.0293"
urn:cts:greekLit:tlg0012.tlg001.msA:18.13,"urn:cite:hmt:vaimg.VA239RN-0410@0.197,0.4335,0.427,0.0293"
urn:cts:greekLit:tlg0012.tlg001.msA:18.14,"urn:cite:hmt:vaimg.VA239RN-0410@0.197,0.45,0.427,0.0293"
urn:cts:greekLit:tlg0012.tlg001.msA:18.15,"urn:cite:hmt:vaimg.VA239RN-0410@0.204,0.4703,0.427,0.0293"
urn:cts:greekLit:tlg0012.tlg001.msA:18.16,"urn:cite:hmt:vaimg.VA239RN-0410@0.2,0.4899,0.427,0.0293"
urn:cts:greekLit:tlg0012.tlg001.msA:18.17,"urn:cite:hmt:vaimg.VA239RN-0410@0.197,0.5079,0.427,0.0293"
urn:cts:greekLit:tlg0012.tlg001.msA:18.18,"urn:cite:hmt:vaimg.VA239RN-0410@0.194,0.5274,0.427,0.0293"
urn:cts:greekLit:tlg0012.tlg001.msA:18.19,"urn:cite:hmt:vaimg.VA239RN-0410@0.191,0.5462,0.427,0.0293"
urn:cts:greekLit:tlg0012.tlg001.msA:18.20,"urn:cite:hmt:vaimg.VA239RN-0410@0.2,0.5665,0.427,0.0293"
urn:cts:greekLit:tlg0012.tlg001.msA:18.21,"urn:cite:hmt:vaimg.VA239RN-0410@0.201,0.5845,0.427,0.0293"
urn:cts:greekLit:tlg0012.tlg001.msA:18.22,"urn:cite:hmt:vaimg.VA239RN-0410@0.2,0.6063,0.427,0.0293"
urn:cts:greekLit:tlg0012.tlg001.msA:18.23,"urn:cite:hmt:vaimg.VA239RN-0410@0.196,0.6243,0.427,0.0293"
urn:cts:greekLit:tlg0012.tlg001.msA:18.24,"urn:cite:hmt:vaimg.VA239RN-0410@0.184,0.6424,0.45,0.0293"
urn:cts:greekLit:tlg0012.tlg001.msA:18.25,"urn:cite:hmt:vaimg.VA239RN-0410@0.184,0.6612,0.45,0.0376"
urn:cts:greekLit:tlg0012.tlg001.msA:18.26,"urn:cite:hmt:vaimg.VA239VN-0741@0.483,0.2194,0.412,0.0233"
urn:cts:greekLit:tlg0012.tlg001.msA:18.27,"urn:cite:hmt:vaimg.VA239VN-0741@0.49,0.2412,0.417,0.027"
urn:cts:greekLit:tlg0012.tlg001.msA:18.28,"urn:cite:hmt:vaimg.VA239VN-0741@0.489,0.2652,0.389,0.0203"
urn:cts:greekLit:tlg0012.tlg001.msA:18.29,"urn:cite:hmt:vaimg.VA239VN-0741@0.492,0.284,0.417,0.0248"
urn:cts:greekLit:tlg0012.tlg001.msA:18.30,"urn:cite:hmt:vaimg.VA239VN-0741@0.483,0.302,0.415,0.0233"
urn:cts:greekLit:tlg0012.tlg001.msA:18.31,"urn:cite:hmt:vaimg.VA239VN-0741@0.481,0.3223,0.413,0.018"
urn:cts:greekLit:tlg0012.tlg001.msA:18.32,"urn:cite:hmt:vaimg.VA239VN-0741@0.484,0.3381,0.408,0.0218"
urn:cts:greekLit:tlg0012.tlg001.msA:18.33,"urn:cite:hmt:vaimg.VA239VN-0741@0.485,0.3576,0.411,0.0278"
urn:cts:greekLit:tlg0012.tlg001.msA:18.34,"urn:cite:hmt:vaimg.VA239VN-0741@0.495,0.3787,0.397,0.0203"
urn:cts:greekLit:tlg0012.tlg001.msA:18.35,"urn:cite:hmt:vaimg.VA239VN-0741@0.489,0.3967,0.419,0.0233"
urn:cts:greekLit:tlg0012.tlg001.msA:18.36,"urn:cite:hmt:vaimg.VA239VN-0741@0.485,0.4132,0.409,0.0225"
urn:cts:greekLit:tlg0012.tlg001.msA:18.37,"urn:cite:hmt:vaimg.VA239VN-0741@0.471,0.4305,0.429,0.024"
urn:cts:greekLit:tlg0012.tlg001.msA:18.38,"urn:cite:hmt:vaimg.VA239VN-0741@0.487,0.4493,0.403,0.0248"
urn:cts:greekLit:tlg0012.tlg001.msA:18.39,"urn:cite:hmt:vaimg.VA239VN-0741@0.492,0.4696,0.395,0.0233"
urn:cts:greekLit:tlg0012.tlg001.msA:18.40,"urn:cite:hmt:vaimg.VA239VN-0741@0.486,0.4914,0.369,0.0203"
urn:cts:greekLit:tlg0012.tlg001.msA:18.41,"urn:cite:hmt:vaimg.VA239VN-0741@0.478,0.5056,0.393,0.0225"
urn:cts:greekLit:tlg0012.tlg001.msA:18.42,"urn:cite:hmt:vaimg.VA239VN-0741@0.49,0.5244,0.402,0.024"
urn:cts:greekLit:tlg0012.tlg001.msA:18.43,"urn:cite:hmt:vaimg.VA239VN-0741@0.489,0.5447,0.407,0.024"
urn:cts:greekLit:tlg0012.tlg001.msA:18.44,"urn:cite:hmt:vaimg.VA239VN-0741@0.48,0.5635,0.425,0.0263"
urn:cts:greekLit:tlg0012.tlg001.msA:18.45,"urn:cite:hmt:vaimg.VA239VN-0741@0.493,0.583,0.399,0.024"
urn:cts:greekLit:tlg0012.tlg001.msA:18.46,"urn:cite:hmt:vaimg.VA239VN-0741@0.495,0.6026,0.393,0.0233"
urn:cts:greekLit:tlg0012.tlg001.msA:18.47,"urn:cite:hmt:vaimg.VA239VN-0741@0.486,0.6206,0.404,0.0233"
urn:cts:greekLit:tlg0012.tlg001.msA:18.48,"urn:cite:hmt:vaimg.VA239VN-0741@0.488,0.6416,0.412,0.0218"
urn:cts:greekLit:tlg0012.tlg001.msA:18.49,"urn:cite:hmt:vaimg.VA239VN-0741@0.487,0.6574,0.398,0.0225"
urn:cts:greekLit:tlg0012.tlg001.msA:18.50,"urn:cite:hmt:vaimg.VA239VN-0741@0.478,0.6777,0.42,0.0248"
urn:cts:greekLit:tlg0012.tlg001.msA:18.51,"urn:cite:hmt:vaimg.VA240RN-0411@0.196,0.1991,0.384,0.0316"
urn:cts:greekLit:tlg0012.tlg001.msA:18.52,"urn:cite:hmt:vaimg.VA240RN-0411@0.2,0.2194,0.397,0.0316"
urn:cts:greekLit:tlg0012.tlg001.msA:18.53,"urn:cite:hmt:vaimg.VA240RN-0411@0.2,0.2419,0.397,0.0263"
urn:cts:greekLit:tlg0012.tlg001.msA:18.54,"urn:cite:hmt:vaimg.VA240RN-0411@0.201,0.2615,0.369,0.0225"
urn:cts:greekLit:tlg0012.tlg001.msA:18.55,"urn:cite:hmt:vaimg.VA240RN-0411@0.202,0.2802,0.413,0.024"
urn:cts:greekLit:tlg0012.tlg001.msA:18.56,"urn:cite:hmt:vaimg.VA240RN-0411@0.197,0.299,0.385,0.027"
urn:cts:greekLit:tlg0012.tlg001.msA:18.57,"urn:cite:hmt:vaimg.VA240RN-0411@0.193,0.3201,0.42,0.027"
urn:cts:greekLit:tlg0012.tlg001.msA:18.58,"urn:cite:hmt:vaimg.VA240RN-0411@0.2,0.3403,0.382,0.0203"
urn:cts:greekLit:tlg0012.tlg001.msA:18.59,"urn:cite:hmt:vaimg.VA240RN-0411@0.196,0.3584,0.416,0.0255"
urn:cts:greekLit:tlg0012.tlg001.msA:18.60,"urn:cite:hmt:vaimg.VA240RN-0411@0.197,0.3749,0.387,0.0255"
urn:cts:greekLit:tlg0012.tlg001.msA:18.61,"urn:cite:hmt:vaimg.VA240RN-0411@0.186,0.3937,0.387,0.0278"
urn:cts:greekLit:tlg0012.tlg001.msA:18.62,"urn:cite:hmt:vaimg.VA240RN-0411@0.195,0.411,0.418,0.0255"
urn:cts:greekLit:tlg0012.tlg001.msA:18.63,"urn:cite:hmt:vaimg.VA240RN-0411@0.192,0.4305,0.441,0.0255"
urn:cts:greekLit:tlg0012.tlg001.msA:18.64,"urn:cite:hmt:vaimg.VA240RN-0411@0.192,0.4515,0.421,0.0255"
urn:cts:greekLit:tlg0012.tlg001.msA:18.65,"urn:cite:hmt:vaimg.VA240RN-0411@0.187,0.4688,0.427,0.0255"
urn:cts:greekLit:tlg0012.tlg001.msA:18.66,"urn:cite:hmt:vaimg.VA240RN-0411@0.187,0.4876,0.43,0.027"
urn:cts:greekLit:tlg0012.tlg001.msA:18.67,"urn:cite:hmt:vaimg.VA240RN-0411@0.191,0.5056,0.414,0.027"
urn:cts:greekLit:tlg0012.tlg001.msA:18.68,"urn:cite:hmt:vaimg.VA240RN-0411@0.194,0.5289,0.427,0.0233"
urn:cts:greekLit:tlg0012.tlg001.msA:18.69,"urn:cite:hmt:vaimg.VA240RN-0411@0.191,0.547,0.416,0.0233"
urn:cts:greekLit:tlg0012.tlg001.msA:18.70,"urn:cite:hmt:vaimg.VA240RN-0411@0.188,0.5657,0.433,0.0263"
urn:cts:greekLit:tlg0012.tlg001.msA:18.71,"urn:cite:hmt:vaimg.VA240RN-0411@0.185,0.5823,0.402,0.0285"
urn:cts:greekLit:tlg0012.tlg001.msA:18.72,"urn:cite:hmt:vaimg.VA240RN-0411@0.184,0.6003,0.449,0.0285"
urn:cts:greekLit:tlg0012.tlg001.msA:18.73,"urn:cite:hmt:vaimg.VA240RN-0411@0.182,0.6183,0.449,0.0285"
urn:cts:greekLit:tlg0012.tlg001.msA:18.74,"urn:cite:hmt:vaimg.VA240RN-0411@0.179,0.6386,0.411,0.0285"
urn:cts:greekLit:tlg0012.tlg001.msA:18.75,"urn:cite:hmt:vaimg.VA240RN-0411@0.179,0.6597,0.447,0.0285"
urn:cts:greekLit:tlg0012.tlg001.msA:18.76,"urn:cite:hmt:vaimg.VA240VN-0742@0.473,0.2209,0.454,0.024"
urn:cts:greekLit:tlg0012.tlg001.msA:18.77,"urn:cite:hmt:vaimg.VA240VN-0742@0.485,0.2397,0.431,0.0225"
urn:cts:greekLit:tlg0012.tlg001.msA:18.78,"urn:cite:hmt:vaimg.VA240VN-0742@0.485,0.263,0.452,0.021"
urn:cts:greekLit:tlg0012.tlg001.msA:18.79,"urn:cite:hmt:vaimg.VA240VN-0742@0.477,0.2817,0.456,0.0218"
urn:cts:greekLit:tlg0012.tlg001.msA:18.80,"urn:cite:hmt:vaimg.VA240VN-0742@0.481,0.2983,0.44,0.0255"
urn:cts:greekLit:tlg0012.tlg001.msA:18.81,"urn:cite:hmt:vaimg.VA240VN-0742@0.485,0.3163,0.463,0.0293"
urn:cts:greekLit:tlg0012.tlg001.msA:18.82,"urn:cite:hmt:vaimg.VA240VN-0742@0.485,0.3381,0.451,0.0255"
urn:cts:greekLit:tlg0012.tlg001.msA:18.83,"urn:cite:hmt:vaimg.VA240VN-0742@0.489,0.3569,0.422,0.0255"
urn:cts:greekLit:tlg0012.tlg001.msA:18.84,"urn:cite:hmt:vaimg.VA240VN-0742@0.49,0.3757,0.413,0.0255"
urn:cts:greekLit:tlg0012.tlg001.msA:18.85,"urn:cite:hmt:vaimg.VA240VN-0742@0.487,0.3944,0.44,0.0255"
urn:cts:greekLit:tlg0012.tlg001.msA:18.86,"urn:cite:hmt:vaimg.VA240VN-0742@0.486,0.4102,0.434,0.0255"
urn:cts:greekLit:tlg0012.tlg001.msA:18.87,"urn:cite:hmt:vaimg.VA240VN-0742@0.486,0.4298,0.421,0.0278"
urn:cts:greekLit:tlg0012.tlg001.msA:18.88,"urn:cite:hmt:vaimg.VA240VN-0742@0.487,0.45,0.433,0.0278"
urn:cts:greekLit:tlg0012.tlg001.msA:18.89,"urn:cite:hmt:vaimg.VA240VN-0742@0.485,0.4673,0.433,0.0278"
urn:cts:greekLit:tlg0012.tlg001.msA:18.90,"urn:cite:hmt:vaimg.VA240VN-0742@0.485,0.4861,0.426,0.0278"
urn:cts:greekLit:tlg0012.tlg001.msA:18.91,"urn:cite:hmt:vaimg.VA240VN-0742@0.485,0.5056,0.445,0.0278"
urn:cts:greekLit:tlg0012.tlg001.msA:18.92,"urn:cite:hmt:vaimg.VA240VN-0742@0.487,0.5229,0.445,0.0278"
urn:cts:greekLit:tlg0012.tlg001.msA:18.93,"urn:cite:hmt:vaimg.VA240VN-0742@0.489,0.5447,0.425,0.0233"
urn:cts:greekLit:tlg0012.tlg001.msA:18.94,"urn:cite:hmt:vaimg.VA240VN-0742@0.486,0.5582,0.448,0.0316"
urn:cts:greekLit:tlg0012.tlg001.msA:18.95,"urn:cite:hmt:vaimg.VA240VN-0742@0.479,0.583,0.436,0.0225"
urn:cts:greekLit:tlg0012.tlg001.msA:18.96,"urn:cite:hmt:vaimg.VA240VN-0742@0.486,0.6018,0.449,0.0225"
urn:cts:greekLit:tlg0012.tlg001.msA:18.97,"urn:cite:hmt:vaimg.VA240VN-0742@0.482,0.6183,0.449,0.0225"
urn:cts:greekLit:tlg0012.tlg001.msA:18.98,"urn:cite:hmt:vaimg.VA240VN-0742@0.482,0.6364,0.42,0.0225"
urn:cts:greekLit:tlg0012.tlg001.msA:18.99,"urn:cite:hmt:vaimg.VA240VN-0742@0.489,0.6574,0.436,0.0225"
urn:cts:greekLit:tlg0012.tlg001.msA:18.100,"urn:cite:hmt:vaimg.VA240VN-0742@0.48,0.6717,0.434,0.0331"
urn:cts:greekLit:tlg0012.tlg001.msA:18.101,"urn:cite:hmt:vaimg.VA241RN-0412@0.213,0.1968,0.401,0.0301"
urn:cts:greekLit:tlg0012.tlg001.msA:18.102,"urn:cite:hmt:vaimg.VA241RN-0412@0.209,0.2171,0.401,0.0301"
urn:cts:greekLit:tlg0012.tlg001.msA:18.103,"urn:cite:hmt:vaimg.VA241RN-0412@0.204,0.2367,0.401,0.0278"
urn:cts:greekLit:tlg0012.tlg001.msA:18.104,"urn:cite:hmt:vaimg.VA241RN-0412@0.205,0.2547,0.401,0.0278"
urn:cts:greekLit:tlg0012.tlg001.msA:18.105,"urn:cite:hmt:vaimg.VA241RN-0412@0.207,0.2727,0.401,0.0278"
urn:cts:greekLit:tlg0012.tlg001.msA:18.106,"urn:cite:hmt:vaimg.VA241RN-0412@0.208,0.2908,0.401,0.0255"
urn:cts:greekLit:tlg0012.tlg001.msA:18.107,"urn:cite:hmt:vaimg.VA241RN-0412@0.208,0.3065,0.401,0.0293"
urn:cts:greekLit:tlg0012.tlg001.msA:18.108,"urn:cite:hmt:vaimg.VA241RN-0412@0.205,0.3261,0.418,0.0353"
urn:cts:greekLit:tlg0012.tlg001.msA:18.109,"urn:cite:hmt:vaimg.VA241RN-0412@0.207,0.3456,0.418,0.0316"
urn:cts:greekLit:tlg0012.tlg001.msA:18.110,"urn:cite:hmt:vaimg.VA241RN-0412@0.205,0.3666,0.418,0.0308"
urn:cts:greekLit:tlg0012.tlg001.msA:18.111,"urn:cite:hmt:vaimg.VA241RN-0412@0.206,0.3847,0.418,0.0308"
urn:cts:greekLit:tlg0012.tlg001.msA:18.112,"urn:cite:hmt:vaimg.VA241RN-0412@0.205,0.4035,0.418,0.0308"
urn:cts:greekLit:tlg0012.tlg001.msA:18.113,"urn:cite:hmt:vaimg.VA241RN-0412@0.193,0.4237,0.418,0.0308"
urn:cts:greekLit:tlg0012.tlg001.msA:18.114,"urn:cite:hmt:vaimg.VA241RN-0412@0.203,0.4433,0.418,0.0308"
urn:cts:greekLit:tlg0012.tlg001.msA:18.115,"urn:cite:hmt:vaimg.VA241RN-0412@0.204,0.4598,0.418,0.0308"
urn:cts:greekLit:tlg0012.tlg001.msA:18.116,"urn:cite:hmt:vaimg.VA241RN-0412@0.2,0.4778,0.41,0.0308"
urn:cts:greekLit:tlg0012.tlg001.msA:18.117,"urn:cite:hmt:vaimg.VA241RN-0412@0.185,0.4959,0.41,0.0293"
urn:cts:greekLit:tlg0012.tlg001.msA:18.118,"urn:cite:hmt:vaimg.VA241RN-0412@0.198,0.5154,0.41,0.0278"
urn:cts:greekLit:tlg0012.tlg001.msA:18.119,"urn:cite:hmt:vaimg.VA241RN-0412@0.2,0.5372,0.418,0.0285"
urn:cts:greekLit:tlg0012.tlg001.msA:18.120,"urn:cite:hmt:vaimg.VA241RN-0412@0.198,0.5567,0.418,0.0285"
urn:cts:greekLit:tlg0012.tlg001.msA:18.121,"urn:cite:hmt:vaimg.VA241RN-0412@0.203,0.5748,0.422,0.0285"
urn:cts:greekLit:tlg0012.tlg001.msA:18.122,"urn:cite:hmt:vaimg.VA241RN-0412@0.205,0.5958,0.426,0.0255"
urn:cts:greekLit:tlg0012.tlg001.msA:18.123,"urn:cite:hmt:vaimg.VA241RN-0412@0.196,0.6131,0.386,0.0255"
urn:cts:greekLit:tlg0012.tlg001.msA:18.124,"urn:cite:hmt:vaimg.VA241RN-0412@0.196,0.6311,0.423,0.0293"
urn:cts:greekLit:tlg0012.tlg001.msA:18.125,"urn:cite:hmt:vaimg.VA241RN-0412@0.198,0.6521,0.423,0.0285"
urn:cts:greekLit:tlg0012.tlg001.msA:18.126,"urn:cite:hmt:vaimg.VA241VN-0743@0.466,0.2119,0.429,0.0293"
urn:cts:greekLit:tlg0012.tlg001.msA:18.127,"urn:cite:hmt:vaimg.VA241VN-0743@0.46,0.2374,0.436,0.0233"
urn:cts:greekLit:tlg0012.tlg001.msA:18.128,"urn:cite:hmt:vaimg.VA241VN-0743@0.465,0.2585,0.436,0.0218"
urn:cts:greekLit:tlg0012.tlg001.msA:18.129,"urn:cite:hmt:vaimg.VA241VN-0743@0.472,0.275,0.43,0.0225"
urn:cts:greekLit:tlg0012.tlg001.msA:18.130,"urn:cite:hmt:vaimg.VA241VN-0743@0.478,0.293,0.412,0.024"
urn:cts:greekLit:tlg0012.tlg001.msA:18.131,"urn:cite:hmt:vaimg.VA241VN-0743@0.471,0.3125,0.445,0.024"
urn:cts:greekLit:tlg0012.tlg001.msA:18.132,"urn:cite:hmt:vaimg.VA241VN-0743@0.468,0.3291,0.414,0.024"
urn:cts:greekLit:tlg0012.tlg001.msA:18.133,"urn:cite:hmt:vaimg.VA241VN-0743@0.473,0.3471,0.42,0.0255"
urn:cts:greekLit:tlg0012.tlg001.msA:18.134,"urn:cite:hmt:vaimg.VA241VN-0743@0.48,0.3659,0.409,0.0278"
urn:cts:greekLit:tlg0012.tlg001.msA:18.135,"urn:cite:hmt:vaimg.VA241VN-0743@0.471,0.3847,0.441,0.0263"
urn:cts:greekLit:tlg0012.tlg001.msA:18.136,"urn:cite:hmt:vaimg.VA241VN-0743@0.472,0.4057,0.361,0.0233"
urn:cts:greekLit:tlg0012.tlg001.msA:18.137,"urn:cite:hmt:vaimg.VA241VN-0743@0.465,0.4245,0.445,0.0255"
urn:cts:greekLit:tlg0012.tlg001.msA:18.138,"urn:cite:hmt:vaimg.VA241VN-0743@0.486,0.4448,0.413,0.0233"
urn:cts:greekLit:tlg0012.tlg001.msA:18.139,"urn:cite:hmt:vaimg.VA241VN-0743@0.477,0.4628,0.436,0.0225"
urn:cts:greekLit:tlg0012.tlg001.msA:18.140,"urn:cite:hmt:vaimg.VA241VN-0743@0.483,0.4801,0.428,0.0248"
urn:cts:greekLit:tlg0012.tlg001.msA:18.141,"urn:cite:hmt:vaimg.VA241VN-0743@0.478,0.4989,0.448,0.0225"
urn:cts:greekLit:tlg0012.tlg001.msA:18.142,"urn:cite:hmt:vaimg.VA241VN-0743@0.492,0.5184,0.425,0.021"
urn:cts:greekLit:tlg0012.tlg001.msA:18.143,"urn:cite:hmt:vaimg.VA241VN-0743@0.497,0.5379,0.393,0.0218"
urn:cts:greekLit:tlg0012.tlg001.msA:18.144,"urn:cite:hmt:vaimg.VA241VN-0743@0.492,0.556,0.419,0.024"
urn:cts:greekLit:tlg0012.tlg001.msA:18.145,"urn:cite:hmt:vaimg.VA241VN-0743@0.486,0.577,0.438,0.024"
urn:cts:greekLit:tlg0012.tlg001.msA:18.146,"urn:cite:hmt:vaimg.VA241VN-0743@0.486,0.5965,0.42,0.0195"
urn:cts:greekLit:tlg0012.tlg001.msA:18.147,"urn:cite:hmt:vaimg.VA241VN-0743@0.484,0.6131,0.424,0.0233"
urn:cts:greekLit:tlg0012.tlg001.msA:18.148,"urn:cite:hmt:vaimg.VA241VN-0743@0.489,0.6334,0.425,0.0233"
urn:cts:greekLit:tlg0012.tlg001.msA:18.149,"urn:cite:hmt:vaimg.VA241VN-0743@0.486,0.6514,0.415,0.024"
urn:cts:greekLit:tlg0012.tlg001.msA:18.150,"urn:cite:hmt:vaimg.VA241VN-0743@0.481,0.6687,0.391,0.0376"
urn:cts:greekLit:tlg0012.tlg001.msA:18.151,"urn:cite:hmt:vaimg.VA242RN-0413@0.2,0.1893,0.385,0.0316"
urn:cts:greekLit:tlg0012.tlg001.msA:18.152,"urn:cite:hmt:vaimg.VA242RN-0413@0.204,0.2126,0.402,0.0248"
urn:cts:greekLit:tlg0012.tlg001.msA:18.153,"urn:cite:hmt:vaimg.VA242RN-0413@0.197,0.2322,0.363,0.0248"
urn:cts:greekLit:tlg0012.tlg001.msA:18.154,"urn:cite:hmt:vaimg.VA242RN-0413@0.198,0.2517,0.416,0.0263"
urn:cts:greekLit:tlg0012.tlg001.msA:18.155,"urn:cite:hmt:vaimg.VA242RN-0413@0.193,0.2727,0.424,0.0248"
urn:cts:greekLit:tlg0012.tlg001.msA:18.156,"urn:cite:hmt:vaimg.VA242RN-0413@0.192,0.2893,0.42,0.0255"
urn:cts:greekLit:tlg0012.tlg001.msA:18.157,"urn:cite:hmt:vaimg.VA242RN-0413@0.189,0.308,0.409,0.0248"
urn:cts:greekLit:tlg0012.tlg001.msA:18.158,"urn:cite:hmt:vaimg.VA242RN-0413@0.191,0.3268,0.442,0.0255"
urn:cts:greekLit:tlg0012.tlg001.msA:18.159,"urn:cite:hmt:vaimg.VA242RN-0413@0.187,0.3449,0.408,0.027"
urn:cts:greekLit:tlg0012.tlg001.msA:18.160,"urn:cite:hmt:vaimg.VA242RN-0413@0.185,0.3659,0.425,0.0255"
urn:cts:greekLit:tlg0012.tlg001.msA:18.161,"urn:cite:hmt:vaimg.VA242RN-0413@0.185,0.3869,0.422,0.0233"
urn:cts:greekLit:tlg0012.tlg001.msA:18.162,"urn:cite:hmt:vaimg.VA242RN-0413@0.183,0.4042,0.402,0.0255"
urn:cts:greekLit:tlg0012.tlg001.msA:18.163,"urn:cite:hmt:vaimg.VA242RN-0413@0.188,0.4252,0.385,0.024"
urn:cts:greekLit:tlg0012.tlg001.msA:18.164,"urn:cite:hmt:vaimg.VA242RN-0413@0.187,0.441,0.402,0.0278"
urn:cts:greekLit:tlg0012.tlg001.msA:18.165,"urn:cite:hmt:vaimg.VA242RN-0413@0.185,0.4628,0.411,0.0263"
urn:cts:greekLit:tlg0012.tlg001.msA:18.166,"urn:cite:hmt:vaimg.VA242RN-0413@0.183,0.4816,0.367,0.0255"
urn:cts:greekLit:tlg0012.tlg001.msA:18.167,"urn:cite:hmt:vaimg.VA242RN-0413@0.187,0.4996,0.404,0.027"
urn:cts:greekLit:tlg0012.tlg001.msA:18.168,"urn:cite:hmt:vaimg.VA242RN-0413@0.187,0.5184,0.422,0.0248"
urn:cts:greekLit:tlg0012.tlg001.msA:18.169,"urn:cite:hmt:vaimg.VA242RN-0413@0.183,0.5364,0.409,0.0248"
urn:cts:greekLit:tlg0012.tlg001.msA:18.170,"urn:cite:hmt:vaimg.VA242RN-0413@0.186,0.5582,0.409,0.0233"
urn:cts:greekLit:tlg0012.tlg001.msA:18.171,"urn:cite:hmt:vaimg.VA242RN-0413@0.184,0.577,0.417,0.0218"
urn:cts:greekLit:tlg0012.tlg001.msA:18.172,"urn:cite:hmt:vaimg.VA242RN-0413@0.19,0.5935,0.375,0.0218"
urn:cts:greekLit:tlg0012.tlg001.msA:18.173,"urn:cite:hmt:vaimg.VA242RN-0413@0.188,0.6123,0.408,0.0233"
urn:cts:greekLit:tlg0012.tlg001.msA:18.174,"urn:cite:hmt:vaimg.VA242RN-0413@0.185,0.6304,0.365,0.0233"
urn:cts:greekLit:tlg0012.tlg001.msA:18.175,"urn:cite:hmt:vaimg.VA242RN-0413@0.184,0.6506,0.374,0.0301"
urn:cts:greekLit:tlg0012.tlg001.msA:18.176,"urn:cite:hmt:vaimg.VA242VN-0744@0.464,0.1953,0.446,0.024"
urn:cts:greekLit:tlg0012.tlg001.msA:18.177,"urn:cite:hmt:vaimg.VA242VN-0744@0.457,0.2134,0.462,0.0233"
urn:cts:greekLit:tlg0012.tlg001.msA:18.178,"urn:cite:hmt:vaimg.VA242VN-0744@0.46,0.2314,0.443,0.024"
urn:cts:greekLit:tlg0012.tlg001.msA:18.179,"urn:cite:hmt:vaimg.VA242VN-0744@0.46,0.2524,0.438,0.0233"
urn:cts:greekLit:tlg0012.tlg001.msA:18.180,"urn:cite:hmt:vaimg.VA242VN-0744@0.473,0.2712,0.423,0.024"
urn:cts:greekLit:tlg0012.tlg001.msA:18.181,"urn:cite:hmt:vaimg.VA242VN-0744@0.456,0.2893,0.444,0.024"
urn:cts:greekLit:tlg0012.tlg001.msA:18.182,"urn:cite:hmt:vaimg.VA242VN-0744@0.462,0.3095,0.409,0.0225"
urn:cts:greekLit:tlg0012.tlg001.msA:18.183,"urn:cite:hmt:vaimg.VA242VN-0744@0.467,0.3268,0.429,0.0225"
urn:cts:greekLit:tlg0012.tlg001.msA:18.184,"urn:cite:hmt:vaimg.VA242VN-0744@0.461,0.3464,0.415,0.0233"
urn:cts:greekLit:tlg0012.tlg001.msA:18.185,"urn:cite:hmt:vaimg.VA242VN-0744@0.47,0.3666,0.415,0.0203"
urn:cts:greekLit:tlg0012.tlg001.msA:18.186,"urn:cite:hmt:vaimg.VA242VN-0744@0.478,0.3854,0.441,0.0218"
urn:cts:greekLit:tlg0012.tlg001.msA:18.187,"urn:cite:hmt:vaimg.VA242VN-0744@0.478,0.4042,0.442,0.0248"
urn:cts:greekLit:tlg0012.tlg001.msA:18.188,"urn:cite:hmt:vaimg.VA242VN-0744@0.457,0.4237,0.446,0.0218"
urn:cts:greekLit:tlg0012.tlg001.msA:18.189,"urn:cite:hmt:vaimg.VA242VN-0744@0.463,0.4425,0.426,0.0248"
urn:cts:greekLit:tlg0012.tlg001.msA:18.190,"urn:cite:hmt:vaimg.VA242VN-0744@0.48,0.4621,0.429,0.0248"
urn:cts:greekLit:tlg0012.tlg001.msA:18.191,"urn:cite:hmt:vaimg.VA242VN-0744@0.482,0.4831,0.426,0.0225"
urn:cts:greekLit:tlg0012.tlg001.msA:18.192,"urn:cite:hmt:vaimg.VA242VN-0744@0.476,0.5011,0.433,0.0218"
urn:cts:greekLit:tlg0012.tlg001.msA:18.193,"urn:cite:hmt:vaimg.VA242VN-0744@0.471,0.5207,0.403,0.0225"
urn:cts:greekLit:tlg0012.tlg001.msA:18.194,"urn:cite:hmt:vaimg.VA242VN-0744@0.48,0.5394,0.41,0.0225"
urn:cts:greekLit:tlg0012.tlg001.msA:18.195,"urn:cite:hmt:vaimg.VA242VN-0744@0.475,0.5552,0.409,0.0255"
urn:cts:greekLit:tlg0012.tlg001.msA:18.196,"urn:cite:hmt:vaimg.VA242VN-0744@0.481,0.5755,0.437,0.0218"
urn:cts:greekLit:tlg0012.tlg001.msA:18.197,"urn:cite:hmt:vaimg.VA242VN-0744@0.486,0.5928,0.429,0.0233"
urn:cts:greekLit:tlg0012.tlg001.msA:18.198,"urn:cite:hmt:vaimg.VA242VN-0744@0.489,0.6093,0.411,0.0248"
urn:cts:greekLit:tlg0012.tlg001.msA:18.199,"urn:cite:hmt:vaimg.VA242VN-0744@0.483,0.6304,0.407,0.0233"
urn:cts:greekLit:tlg0012.tlg001.msA:18.200,"urn:cite:hmt:vaimg.VA242VN-0744@0.474,0.6506,0.402,0.021"
urn:cts:greekLit:tlg0012.tlg001.msA:18.201,"urn:cite:hmt:vaimg.VA242VN-0744@0.48,0.6672,0.411,0.024"
urn:cts:greekLit:tlg0012.tlg001.msA:18.202,"urn:cite:hmt:vaimg.VA242VN-0744@0.481,0.6875,0.425,0.0255"
urn:cts:greekLit:tlg0012.tlg001.msA:18.203,"urn:cite:hmt:vaimg.VA243RN-0414@0.187,0.1916,0.449,0.0293"
urn:cts:greekLit:tlg0012.tlg001.msA:18.204,"urn:cite:hmt:vaimg.VA243RN-0414@0.186,0.2126,0.449,0.0293"
urn:cts:greekLit:tlg0012.tlg001.msA:18.205,"urn:cite:hmt:vaimg.VA243RN-0414@0.185,0.2322,0.449,0.0293"
urn:cts:greekLit:tlg0012.tlg001.msA:18.206,"urn:cite:hmt:vaimg.VA243RN-0414@0.185,0.2502,0.449,0.0293"
urn:cts:greekLit:tlg0012.tlg001.msA:18.207,"urn:cite:hmt:vaimg.VA243RN-0414@0.184,0.2705,0.449,0.0293"
urn:cts:greekLit:tlg0012.tlg001.msA:18.208,"urn:cite:hmt:vaimg.VA243RN-0414@0.184,0.2878,0.449,0.0293"
urn:cts:greekLit:tlg0012.tlg001.msA:18.209,"urn:cite:hmt:vaimg.VA243RN-0414@0.184,0.308,0.449,0.0293"
urn:cts:greekLit:tlg0012.tlg001.msA:18.210,"urn:cite:hmt:vaimg.VA243RN-0414@0.182,0.3276,0.449,0.0293"
urn:cts:greekLit:tlg0012.tlg001.msA:18.211,"urn:cite:hmt:vaimg.VA243RN-0414@0.182,0.3449,0.449,0.0293"
urn:cts:greekLit:tlg0012.tlg001.msA:18.212,"urn:cite:hmt:vaimg.VA243RN-0414@0.18,0.3659,0.449,0.0293"
urn:cts:greekLit:tlg0012.tlg001.msA:18.213,"urn:cite:hmt:vaimg.VA243RN-0414@0.188,0.3854,0.449,0.0293"
urn:cts:greekLit:tlg0012.tlg001.msA:18.214,"urn:cite:hmt:vaimg.VA243RN-0414@0.182,0.4035,0.449,0.0293"
urn:cts:greekLit:tlg0012.tlg001.msA:18.215,"urn:cite:hmt:vaimg.VA243RN-0414@0.183,0.4215,0.449,0.0293"
urn:cts:greekLit:tlg0012.tlg001.msA:18.216,"urn:cite:hmt:vaimg.VA243RN-0414@0.183,0.4433,0.449,0.0293"
urn:cts:greekLit:tlg0012.tlg001.msA:18.217,"urn:cite:hmt:vaimg.VA243RN-0414@0.188,0.4598,0.449,0.0293"
urn:cts:greekLit:tlg0012.tlg001.msA:18.218,"urn:cite:hmt:vaimg.VA243RN-0414@0.189,0.4793,0.449,0.0293"
urn:cts:greekLit:tlg0012.tlg001.msA:18.219,"urn:cite:hmt:vaimg.VA243RN-0414@0.184,0.4996,0.449,0.0293"
urn:cts:greekLit:tlg0012.tlg001.msA:18.220,"urn:cite:hmt:vaimg.VA243RN-0414@0.185,0.5199,0.449,0.0293"
urn:cts:greekLit:tlg0012.tlg001.msA:18.221,"urn:cite:hmt:vaimg.VA243RN-0414@0.176,0.5379,0.449,0.0293"
urn:cts:greekLit:tlg0012.tlg001.msA:18.222,"urn:cite:hmt:vaimg.VA243RN-0414@0.176,0.5575,0.449,0.0293"
urn:cts:greekLit:tlg0012.tlg001.msA:18.223,"urn:cite:hmt:vaimg.VA243RN-0414@0.178,0.5793,0.449,0.0293"
urn:cts:greekLit:tlg0012.tlg001.msA:18.224,"urn:cite:hmt:vaimg.VA243RN-0414@0.17,0.6003,0.449,0.0293"
urn:cts:greekLit:tlg0012.tlg001.msA:18.225,"urn:cite:hmt:vaimg.VA243RN-0414@0.175,0.6161,0.449,0.0293"
urn:cts:greekLit:tlg0012.tlg001.msA:18.226,"urn:cite:hmt:vaimg.VA243RN-0414@0.175,0.6326,0.449,0.0293"
urn:cts:greekLit:tlg0012.tlg001.msA:18.227,"urn:cite:hmt:vaimg.VA243RN-0414@0.176,0.6514,0.449,0.0293"
urn:cts:greekLit:tlg0012.tlg001.msA:18.228,"urn:cite:hmt:vaimg.VA243VN-0745@0.458,0.2111,0.459,0.0255"
urn:cts:greekLit:tlg0012.tlg001.msA:18.229,"urn:cite:hmt:vaimg.VA243VN-0745@0.453,0.2322,0.45,0.024"
urn:cts:greekLit:tlg0012.tlg001.msA:18.230,"urn:cite:hmt:vaimg.VA243VN-0745@0.468,0.2532,0.444,0.0225"
urn:cts:greekLit:tlg0012.tlg001.msA:18.231,"urn:cite:hmt:vaimg.VA243VN-0745@0.466,0.2735,0.407,0.0233"
urn:cts:greekLit:tlg0012.tlg001.msA:18.232,"urn:cite:hmt:vaimg.VA243VN-0745@0.47,0.2915,0.418,0.0218"
urn:cts:greekLit:tlg0012.tlg001.msA:18.233,"urn:cite:hmt:vaimg.VA243VN-0745@0.47,0.308,0.427,0.0263"
urn:cts:greekLit:tlg0012.tlg001.msA:18.234,"urn:cite:hmt:vaimg.VA243VN-0745@0.462,0.3298,0.428,0.0203"
urn:cts:greekLit:tlg0012.tlg001.msA:18.235,"urn:cite:hmt:vaimg.VA243VN-0745@0.465,0.3479,0.432,0.024"
urn:cts:greekLit:tlg0012.tlg001.msA:18.236,"urn:cite:hmt:vaimg.VA243VN-0745@0.479,0.3674,0.438,0.0233"
urn:cts:greekLit:tlg0012.tlg001.msA:18.237,"urn:cite:hmt:vaimg.VA243VN-0745@0.477,0.3892,0.42,0.0218"
urn:cts:greekLit:tlg0012.tlg001.msA:18.238,"urn:cite:hmt:vaimg.VA243VN-0745@0.467,0.4065,0.402,0.0225"
urn:cts:greekLit:tlg0012.tlg001.msA:18.239,"urn:cite:hmt:vaimg.VA243VN-0745@0.476,0.4252,0.395,0.0218"
urn:cts:greekLit:tlg0012.tlg001.msA:18.240,"urn:cite:hmt:vaimg.VA243VN-0745@0.468,0.4425,0.418,0.0218"
urn:cts:greekLit:tlg0012.tlg001.msA:18.241,"urn:cite:hmt:vaimg.VA243VN-0745@0.46,0.4621,0.439,0.0233"
urn:cts:greekLit:tlg0012.tlg001.msA:18.242,"urn:cite:hmt:vaimg.VA243VN-0745@0.473,0.4823,0.424,0.0263"
urn:cts:greekLit:tlg0012.tlg001.msA:18.243,"urn:cite:hmt:vaimg.VA243VN-0745@0.472,0.4996,0.426,0.0233"
urn:cts:greekLit:tlg0012.tlg001.msA:18.244,"urn:cite:hmt:vaimg.VA243VN-0745@0.469,0.5199,0.429,0.027"
urn:cts:greekLit:tlg0012.tlg001.msA:18.245,"urn:cite:hmt:vaimg.VA243VN-0745@0.455,0.5357,0.428,0.0263"
urn:cts:greekLit:tlg0012.tlg001.msA:18.246,"urn:cite:hmt:vaimg.VA243VN-0745@0.448,0.5552,0.417,0.0285"
urn:cts:greekLit:tlg0012.tlg001.msA:18.247,"urn:cite:hmt:vaimg.VA243VN-0745@0.484,0.5763,0.428,0.027"
urn:cts:greekLit:tlg0012.tlg001.msA:18.248,"urn:cite:hmt:vaimg.VA243VN-0745@0.479,0.5965,0.427,0.0285"
urn:cts:greekLit:tlg0012.tlg001.msA:18.249,"urn:cite:hmt:vaimg.VA243VN-0745@0.475,0.6131,0.449,0.0278"
urn:cts:greekLit:tlg0012.tlg001.msA:18.250,"urn:cite:hmt:vaimg.VA243VN-0745@0.483,0.6341,0.39,0.0225"
urn:cts:greekLit:tlg0012.tlg001.msA:18.251,"urn:cite:hmt:vaimg.VA243VN-0745@0.48,0.6514,0.409,0.024"
urn:cts:greekLit:tlg0012.tlg001.msA:18.252,"urn:cite:hmt:vaimg.VA243VN-0745@0.474,0.6717,0.414,0.0233"
urn:cts:greekLit:tlg0012.tlg001.msA:18.253,"urn:cite:hmt:vaimg.VA244RN-0415@0.188,0.2059,0.439,0.0263"
urn:cts:greekLit:tlg0012.tlg001.msA:18.254,"urn:cite:hmt:vaimg.VA244RN-0415@0.194,0.2292,0.435,0.0233"
urn:cts:greekLit:tlg0012.tlg001.msA:18.255,"urn:cite:hmt:vaimg.VA244RN-0415@0.183,0.2457,0.369,0.0248"
urn:cts:greekLit:tlg0012.tlg001.msA:18.256,"urn:cite:hmt:vaimg.VA244RN-0415@0.196,0.2652,0.426,0.021"
urn:cts:greekLit:tlg0012.tlg001.msA:18.257,"urn:cite:hmt:vaimg.VA244RN-0415@0.188,0.2863,0.44,0.0203"
urn:cts:greekLit:tlg0012.tlg001.msA:18.258,"urn:cite:hmt:vaimg.VA244RN-0415@0.195,0.3013,0.409,0.0255"
urn:cts:greekLit:tlg0012.tlg001.msA:18.259,"urn:cite:hmt:vaimg.VA244RN-0415@0.186,0.3216,0.413,0.024"
urn:cts:greekLit:tlg0012.tlg001.msA:18.260,"urn:cite:hmt:vaimg.VA244RN-0415@0.199,0.3441,0.399,0.0218"
urn:cts:greekLit:tlg0012.tlg001.msA:18.261,"urn:cite:hmt:vaimg.VA244RN-0415@0.195,0.3599,0.404,0.0225"
urn:cts:greekLit:tlg0012.tlg001.msA:18.262,"urn:cite:hmt:vaimg.VA244RN-0415@0.193,0.3809,0.418,0.0225"
urn:cts:greekLit:tlg0012.tlg001.msA:18.263,"urn:cite:hmt:vaimg.VA244RN-0415@0.199,0.3997,0.411,0.021"
urn:cts:greekLit:tlg0012.tlg001.msA:18.264,"urn:cite:hmt:vaimg.VA244RN-0415@0.191,0.4155,0.411,0.0263"
urn:cts:greekLit:tlg0012.tlg001.msA:18.265,"urn:cite:hmt:vaimg.VA244RN-0415@0.195,0.4358,0.407,0.0225"
urn:cts:greekLit:tlg0012.tlg001.msA:18.266,"urn:cite:hmt:vaimg.VA244RN-0415@0.191,0.4538,0.418,0.0233"
urn:cts:greekLit:tlg0012.tlg001.msA:18.267,"urn:cite:hmt:vaimg.VA244RN-0415@0.196,0.4733,0.404,0.0233"
urn:cts:greekLit:tlg0012.tlg001.msA:18.268,"urn:cite:hmt:vaimg.VA244RN-0415@0.193,0.4899,0.406,0.024"
urn:cts:greekLit:tlg0012.tlg001.msA:18.269,"urn:cite:hmt:vaimg.VA244RN-0415@0.194,0.5101,0.398,0.0225"
urn:cts:greekLit:tlg0012.tlg001.msA:18.270,"urn:cite:hmt:vaimg.VA244RN-0415@0.191,0.5289,0.396,0.0233"
urn:cts:greekLit:tlg0012.tlg001.msA:18.271,"urn:cite:hmt:vaimg.VA244RN-0415@0.193,0.5477,0.419,0.024"
urn:cts:greekLit:tlg0012.tlg001.msA:18.272,"urn:cite:hmt:vaimg.VA244RN-0415@0.19,0.5657,0.382,0.0233"
urn:cts:greekLit:tlg0012.tlg001.msA:18.273,"urn:cite:hmt:vaimg.VA244RN-0415@0.193,0.5845,0.42,0.0233"
urn:cts:greekLit:tlg0012.tlg001.msA:18.274,"urn:cite:hmt:vaimg.VA244RN-0415@0.192,0.6048,0.446,0.0233"
urn:cts:greekLit:tlg0012.tlg001.msA:18.275,"urn:cite:hmt:vaimg.VA244RN-0415@0.192,0.6236,0.386,0.0233"
urn:cts:greekLit:tlg0012.tlg001.msA:18.276,"urn:cite:hmt:vaimg.VA244RN-0415@0.196,0.6424,0.384,0.024"
urn:cts:greekLit:tlg0012.tlg001.msA:18.277,"urn:cite:hmt:vaimg.VA244RN-0415@0.19,0.6634,0.386,0.0225"
urn:cts:greekLit:tlg0012.tlg001.msA:18.278,"urn:cite:hmt:vaimg.VA244VN-0746@0.493,0.2224,0.434,0.0285"
urn:cts:greekLit:tlg0012.tlg001.msA:18.279,"urn:cite:hmt:vaimg.VA244VN-0746@0.488,0.2427,0.408,0.0293"
urn:cts:greekLit:tlg0012.tlg001.msA:18.280,"urn:cite:hmt:vaimg.VA244VN-0746@0.493,0.263,0.441,0.0285"
urn:cts:greekLit:tlg0012.tlg001.msA:18.281,"urn:cite:hmt:vaimg.VA244VN-0746@0.495,0.2847,0.413,0.0248"
urn:cts:greekLit:tlg0012.tlg001.msA:18.282,"urn:cite:hmt:vaimg.VA244VN-0746@0.497,0.3013,0.387,0.024"
urn:cts:greekLit:tlg0012.tlg001.msA:18.283,"urn:cite:hmt:vaimg.VA244VN-0746@0.496,0.3178,0.44,0.0308"
urn:cts:greekLit:tlg0012.tlg001.msA:18.284,"urn:cite:hmt:vaimg.VA244VN-0746@0.495,0.3388,0.448,0.0278"
urn:cts:greekLit:tlg0012.tlg001.msA:18.285,"urn:cite:hmt:vaimg.VA244VN-0746@0.499,0.3621,0.44,0.0218"
urn:cts:greekLit:tlg0012.tlg001.msA:18.286,"urn:cite:hmt:vaimg.VA244VN-0746@0.5,0.3787,0.424,0.0225"
urn:cts:greekLit:tlg0012.tlg001.msA:18.287,"urn:cite:hmt:vaimg.VA244VN-0746@0.504,0.3974,0.42,0.0248"
urn:cts:greekLit:tlg0012.tlg001.msA:18.288,"urn:cite:hmt:vaimg.VA244VN-0746@0.501,0.417,0.425,0.024"
urn:cts:greekLit:tlg0012.tlg001.msA:18.289,"urn:cite:hmt:vaimg.VA244VN-0746@0.506,0.4358,0.381,0.0225"
urn:cts:greekLit:tlg0012.tlg001.msA:18.290,"urn:cite:hmt:vaimg.VA244VN-0746@0.497,0.453,0.403,0.0263"
urn:cts:greekLit:tlg0012.tlg001.msA:18.291,"urn:cite:hmt:vaimg.VA244VN-0746@0.507,0.4703,0.363,0.0233"
urn:cts:greekLit:tlg0012.tlg001.msA:18.292,"urn:cite:hmt:vaimg.VA244VN-0746@0.506,0.4914,0.425,0.0255"
urn:cts:greekLit:tlg0012.tlg001.msA:18.293,"urn:cite:hmt:vaimg.VA244VN-0746@0.502,0.5094,0.417,0.0203"
urn:cts:greekLit:tlg0012.tlg001.msA:18.294,"urn:cite:hmt:vaimg.VA244VN-0746@0.502,0.5252,0.407,0.0248"
urn:cts:greekLit:tlg0012.tlg001.msA:18.295,"urn:cite:hmt:vaimg.VA244VN-0746@0.5,0.5447,0.419,0.0255"
urn:cts:greekLit:tlg0012.tlg001.msA:18.296,"urn:cite:hmt:vaimg.VA244VN-0746@0.503,0.5642,0.379,0.0233"
urn:cts:greekLit:tlg0012.tlg001.msA:18.297,"urn:cite:hmt:vaimg.VA244VN-0746@0.5,0.5823,0.392,0.027"
urn:cts:greekLit:tlg0012.tlg001.msA:18.298,"urn:cite:hmt:vaimg.VA244VN-0746@0.502,0.6033,0.417,0.021"
urn:cts:greekLit:tlg0012.tlg001.msA:18.299,"urn:cite:hmt:vaimg.VA244VN-0746@0.504,0.6213,0.412,0.0218"
urn:cts:greekLit:tlg0012.tlg001.msA:18.300,"urn:cite:hmt:vaimg.VA244VN-0746@0.499,0.6416,0.42,0.0233"
urn:cts:greekLit:tlg0012.tlg001.msA:18.301,"urn:cite:hmt:vaimg.VA244VN-0746@0.502,0.6566,0.388,0.0248"
urn:cts:greekLit:tlg0012.tlg001.msA:18.302,"urn:cite:hmt:vaimg.VA244VN-0746@0.498,0.6769,0.426,0.024"
urn:cts:greekLit:tlg0012.tlg001.msA:18.303,"urn:cite:hmt:vaimg.VA245RN-0416@0.198,0.2119,0.366,0.0285"
urn:cts:greekLit:tlg0012.tlg001.msA:18.304,"urn:cite:hmt:vaimg.VA245RN-0416@0.204,0.2359,0.382,0.0248"
urn:cts:greekLit:tlg0012.tlg001.msA:18.305,"urn:cite:hmt:vaimg.VA245RN-0416@0.203,0.2547,0.378,0.024"
urn:cts:greekLit:tlg0012.tlg001.msA:18.3,""
urn:cts:greekLit:tlg0012.tlg001.msA:18.3,""
urn:cts:greekLit:tlg0012.tlg001.msA:18.3,""
urn:cts:greekLit:tlg0012.tlg001.msA:18.3,""
urn:cts:greekLit:tlg0012.tlg001.msA:18.3,""
urn:cts:greekLit:tlg0012.tlg001.msA:18.3,""
urn:cts:greekLit:tlg0012.tlg001.msA:18.3,""
urn:cts:greekLit:tlg0012.tlg001.msA:18.3,""
urn:cts:greekLit:tlg0012.tlg001.msA:18.3,""
urn:cts:greekLit:tlg0012.tlg001.msA:18.3,""
urn:cts:greekLit:tlg0012.tlg001.msA:18.3,""
urn:cts:greekLit:tlg0012.tlg001.msA:18.3,""
urn:cts:greekLit:tlg0012.tlg001.msA:18.3,""
urn:cts:greekLit:tlg0012.tlg001.msA:18.3,""
urn:cts:greekLit:tlg0012.tlg001.msA:18.3,""
urn:cts:greekLit:tlg0012.tlg001.msA:18.3,""
urn:cts:greekLit:tlg0012.tlg001.msA:18.3,""
urn:cts:greekLit:tlg0012.tlg001.msA:18.3,""
urn:cts:greekLit:tlg0012.tlg001.msA:18.3,""
urn:cts:greekLit:tlg0012.tlg001.msA:18.3,""
urn:cts:greekLit:tlg0012.tlg001.msA:18.3,""
urn:cts:greekLit:tlg0012.tlg001.msA:18.3,""
urn:cts:greekLit:tlg0012.tlg001.msA:18.3,""




